order_id,source_folio,is_synthetic,source_created_at,source_updated_at,promised_lead_hours,registration_hour,registration_weekday,item_count,total_quantity,distinct_study_count,package_component_count,subtotal_amount,courtesy_percent,discount_amount,total_amount,branch_name,dominant_price_type,outcome
663,ECO-ML-000137,1,2025-11-01T14:07:00.000Z,2025-11-01T16:07:00.000Z,20.0000000000000000,8.11666666666666666667,6,6,6,6,0,3683.50,5.00,184.18,3499.32,SUCURSAL SUR,special,cancelled
903,ECO-ML-000377,1,2025-11-01T14:07:00.000Z,2025-11-04T01:13:00.000Z,60.0000000000000000,8.11666666666666666667,6,6,6,6,0,3936.00,5.00,196.80,3739.20,SUCURSAL SUR,special,completed_on_time
560,ECO-ML-000034,1,2025-11-02T15:14:00.000Z,2025-11-05T13:47:00.000Z,57.0000000000000000,9.23333333333333333333,0,5,5,5,0,3369.50,10.00,336.95,3032.55,SUCURSAL SUR,dif,delayed
800,ECO-ML-000274,1,2025-11-02T15:14:00.000Z,2025-11-04T11:46:00.000Z,32.0000000000000000,9.23333333333333333333,0,5,5,5,0,2711.50,10.00,271.15,2440.35,SUCURSAL NORTE,dif,delayed
697,ECO-ML-000171,1,2025-11-03T16:21:00.000Z,2025-11-06T11:00:00.000Z,69.0000000000000000,10.35000000000000000000,1,4,4,4,0,2509.00,15.00,376.35,2132.65,SUCURSAL CENTRO,dif,completed_on_time
937,ECO-ML-000411,1,2025-11-03T16:21:00.000Z,2025-11-05T17:59:00.000Z,44.0000000000000000,10.35000000000000000000,1,4,4,4,0,2173.00,15.00,325.95,1847.05,Matriz - Centro,dif,delayed
594,ECO-ML-000068,1,2025-11-04T17:28:00.000Z,2025-11-06T06:33:00.000Z,41.0000000000000000,11.46666666666666666667,2,3,3,3,0,1727.00,0.00,0.00,1727.00,Matriz - Centro,dif,completed_on_time
834,ECO-ML-000308,1,2025-11-04T17:28:00.000Z,2025-11-06T09:13:00.000Z,16.0000000000000000,11.46666666666666666667,2,3,3,3,0,1441.00,0.00,0.00,1441.00,Matriz,dif,delayed
731,ECO-ML-000205,1,2025-11-05T18:35:00.000Z,2025-11-07T18:46:00.000Z,53.0000000000000000,12.58333333333333333333,3,2,2,2,0,895.00,5.00,44.75,850.25,SUCURSAL SUR,dif,completed_on_time
971,ECO-ML-000445,1,2025-11-05T18:35:00.000Z,2025-11-06T18:26:00.000Z,28.0000000000000000,12.58333333333333333333,3,2,2,2,0,815.00,5.00,40.75,774.25,SUCURSAL SUR,dif,completed_on_time
628,ECO-ML-000102,1,2025-11-06T19:42:00.000Z,2025-11-07T14:19:00.000Z,25.0000000000000000,13.70000000000000000000,4,1,1,1,0,351.00,10.00,35.10,315.90,SUCURSAL SUR,special,completed_on_time
868,ECO-ML-000342,1,2025-11-06T19:42:00.000Z,2025-11-09T06:59:00.000Z,65.0000000000000000,13.70000000000000000000,4,1,1,1,0,234.00,10.00,23.40,210.60,SUCURSAL SUR,special,completed_on_time
765,ECO-ML-000239,1,2025-11-07T20:49:00.000Z,2025-11-07T22:49:00.000Z,37.0000000000000000,14.81666666666666666667,5,6,6,6,0,2444.00,15.00,366.60,2077.40,SUCURSAL NORTE,hospital,cancelled
1005,ECO-ML-000479,1,2025-11-07T20:49:00.000Z,2025-11-09T11:12:00.000Z,12.0000000000000000,14.81666666666666666667,5,6,6,6,0,3690.00,15.00,553.50,3136.50,SUCURSAL CENTRO,hospital,delayed
662,ECO-ML-000136,1,2025-11-08T21:56:00.000Z,2025-11-08T23:56:00.000Z,9.0000000000000000,15.93333333333333333333,6,5,5,5,0,2647.50,0.00,0.00,2647.50,SUCURSAL CENTRO,dif,cancelled
902,ECO-ML-000376,1,2025-11-08T21:56:00.000Z,2025-11-10T22:45:00.000Z,49.0000000000000000,15.93333333333333333333,6,5,5,5,0,3573.50,0.00,0.00,3573.50,Matriz - Centro,dif,completed_on_time
559,ECO-ML-000033,1,2025-11-09T22:03:00.000Z,2025-11-11T19:19:00.000Z,46.0000000000000000,16.05000000000000000000,0,4,4,4,0,3037.00,5.00,151.85,2885.15,Matriz - Centro,dif,completed_on_time
799,ECO-ML-000273,1,2025-11-09T22:03:00.000Z,2025-11-10T18:59:00.000Z,21.0000000000000000,16.05000000000000000000,0,4,4,4,0,2659.00,5.00,132.95,2526.05,Matriz,dif,completed_on_time
696,ECO-ML-000170,1,2025-11-10T23:10:00.000Z,2025-11-13T07:32:00.000Z,58.0000000000000000,17.16666666666666666667,1,3,3,3,0,1983.50,10.00,198.35,1785.15,SUCURSAL SUR,dif,completed_on_time
936,ECO-ML-000410,1,2025-11-10T23:10:00.000Z,2025-11-12T12:31:00.000Z,33.0000000000000000,17.16666666666666666667,1,3,3,3,0,1478.50,10.00,147.85,1330.65,SUCURSAL SUR,dif,delayed
593,ECO-ML-000067,1,2025-11-12T00:17:00.000Z,2025-11-13T03:05:00.000Z,30.0000000000000000,18.28333333333333333333,2,2,2,2,0,1727.50,15.00,259.13,1468.37,SUCURSAL SUR,hospital,completed_on_time
833,ECO-ML-000307,1,2025-11-12T00:17:00.000Z,2025-11-14T19:45:00.000Z,70.0000000000000000,18.28333333333333333333,2,2,2,2,0,1522.00,15.00,228.30,1293.70,SUCURSAL SUR,hospital,completed_on_time
730,ECO-ML-000204,1,2025-11-12T13:24:00.000Z,2025-11-14T03:18:00.000Z,42.0000000000000000,7.40000000000000000000,3,1,1,1,0,862.50,0.00,0.00,862.50,SUCURSAL NORTE,hospital,completed_on_time
970,ECO-ML-000444,1,2025-11-12T13:24:00.000Z,2025-11-13T02:58:00.000Z,17.0000000000000000,7.40000000000000000000,3,1,1,1,0,678.50,0.00,0.00,678.50,SUCURSAL CENTRO,hospital,completed_on_time
627,ECO-ML-000101,1,2025-11-13T14:31:00.000Z,2025-11-14T11:51:00.000Z,14.0000000000000000,8.51666666666666666667,4,6,6,6,0,3128.50,5.00,156.43,2972.07,SUCURSAL CENTRO,other,delayed
867,ECO-ML-000341,1,2025-11-13T14:31:00.000Z,2025-11-16T04:31:00.000Z,54.0000000000000000,8.51666666666666666667,4,6,6,6,0,3232.50,5.00,161.63,3070.87,Matriz - Centro,other,delayed
764,ECO-ML-000238,1,2025-11-14T15:38:00.000Z,2025-11-16T18:04:00.000Z,26.0000000000000000,9.63333333333333333333,5,5,5,5,0,2858.50,10.00,285.85,2572.65,Matriz,dif,delayed
1004,ECO-ML-000478,1,2025-11-14T15:38:00.000Z,2025-11-17T03:44:00.000Z,66.0000000000000000,9.63333333333333333333,5,5,5,5,0,3259.50,10.00,325.95,2933.55,SUCURSAL SUR,dif,completed_on_time
661,ECO-ML-000135,1,2025-11-15T16:45:00.000Z,2025-11-18T01:18:00.000Z,63.0000000000000000,10.75000000000000000000,6,4,4,4,0,2208.50,15.00,331.28,1877.22,SUCURSAL SUR,dif,completed_on_time
901,ECO-ML-000375,1,2025-11-15T16:45:00.000Z,2025-11-16T23:17:00.000Z,38.0000000000000000,10.75000000000000000000,6,4,4,4,0,1910.00,15.00,286.50,1623.50,SUCURSAL SUR,dif,completed_on_time
558,ECO-ML-000032,1,2025-11-16T17:52:00.000Z,2025-11-18T15:51:00.000Z,35.0000000000000000,11.86666666666666666667,0,3,3,3,0,1681.00,0.00,0.00,1681.00,SUCURSAL SUR,hospital,delayed
798,ECO-ML-000272,1,2025-11-16T17:52:00.000Z,2025-11-17T04:31:00.000Z,10.0000000000000000,11.86666666666666666667,0,3,3,3,0,2172.50,0.00,0.00,2172.50,SUCURSAL SUR,hospital,completed_on_time
695,ECO-ML-000169,1,2025-11-17T18:59:00.000Z,2025-11-19T17:04:00.000Z,47.0000000000000000,12.98333333333333333333,1,2,2,2,0,772.50,5.00,38.63,733.87,SUCURSAL NORTE,hospital,completed_on_time
935,ECO-ML-000409,1,2025-11-17T18:59:00.000Z,2025-11-18T16:44:00.000Z,22.0000000000000000,12.98333333333333333333,1,2,2,2,0,1438.50,5.00,71.93,1366.57,SUCURSAL CENTRO,hospital,completed_on_time
592,ECO-ML-000066,1,2025-11-18T19:06:00.000Z,2025-11-19T11:37:00.000Z,19.0000000000000000,13.10000000000000000000,2,1,1,1,0,600.00,10.00,60.00,540.00,SUCURSAL CENTRO,other,completed_on_time
832,ECO-ML-000306,1,2025-11-18T19:06:00.000Z,2025-11-21T04:17:00.000Z,59.0000000000000000,13.10000000000000000000,2,1,1,1,0,924.00,10.00,92.40,831.60,Matriz - Centro,other,completed_on_time
729,ECO-ML-000203,1,2025-11-19T20:13:00.000Z,2025-11-19T22:13:00.000Z,31.0000000000000000,14.21666666666666666667,3,6,6,6,0,4103.50,15.00,615.53,3487.97,Matriz,normal,cancelled
969,ECO-ML-000443,1,2025-11-19T20:13:00.000Z,2025-11-23T09:30:00.000Z,71.0000000000000000,14.21666666666666666667,3,6,6,6,0,3518.50,15.00,527.78,2990.72,SUCURSAL SUR,normal,delayed
626,ECO-ML-000100,1,2025-11-20T21:20:00.000Z,2025-11-23T14:04:00.000Z,68.0000000000000000,15.33333333333333333333,4,5,5,5,0,3149.00,0.00,0.00,3149.00,SUCURSAL SUR,dif,completed_on_time
866,ECO-ML-000340,1,2025-11-20T21:20:00.000Z,2025-11-22T23:03:00.000Z,43.0000000000000000,15.33333333333333333333,4,5,5,5,0,3524.50,0.00,0.00,3524.50,SUCURSAL SUR,dif,delayed
763,ECO-ML-000237,1,2025-11-21T22:27:00.000Z,2025-11-23T14:17:00.000Z,15.0000000000000000,16.45000000000000000000,5,4,4,4,0,2344.50,5.00,117.23,2227.27,SUCURSAL SUR,hospital,delayed
1003,ECO-ML-000477,1,2025-11-21T22:27:00.000Z,2025-11-24T00:16:00.000Z,55.0000000000000000,16.45000000000000000000,5,4,4,4,0,2088.50,5.00,104.43,1984.07,SUCURSAL NORTE,hospital,completed_on_time
660,ECO-ML-000134,1,2025-11-22T23:34:00.000Z,2025-11-24T21:50:00.000Z,52.0000000000000000,17.56666666666666666667,6,3,3,3,0,2298.50,10.00,229.85,2068.65,SUCURSAL NORTE,hospital,completed_on_time
900,ECO-ML-000374,1,2025-11-22T23:34:00.000Z,2025-11-23T21:30:00.000Z,27.0000000000000000,17.56666666666666666667,6,3,3,3,0,1965.00,10.00,196.50,1768.50,SUCURSAL CENTRO,hospital,completed_on_time
557,ECO-ML-000031,1,2025-11-24T00:41:00.000Z,2025-11-24T17:23:00.000Z,24.0000000000000000,18.68333333333333333333,0,2,2,2,0,950.00,15.00,142.50,807.50,SUCURSAL CENTRO,normal,completed_on_time
797,ECO-ML-000271,1,2025-11-24T00:41:00.000Z,2025-11-26T10:03:00.000Z,64.0000000000000000,18.68333333333333333333,0,2,2,2,0,1658.00,15.00,248.70,1409.30,Matriz - Centro,normal,completed_on_time
694,ECO-ML-000168,1,2025-11-24T13:48:00.000Z,2025-11-26T01:36:00.000Z,36.0000000000000000,7.80000000000000000000,1,1,1,1,0,830.00,0.00,0.00,830.00,Matriz,normal,completed_on_time
934,ECO-ML-000408,1,2025-11-24T13:48:00.000Z,2025-11-25T01:16:00.000Z,11.0000000000000000,7.80000000000000000000,1,1,1,1,0,720.00,0.00,0.00,720.00,SUCURSAL SUR,normal,completed_on_time
591,ECO-ML-000065,1,2025-11-25T14:55:00.000Z,2025-11-25T16:55:00.000Z,8.0000000000000000,8.91666666666666666667,2,6,6,6,0,3655.50,5.00,182.78,3472.72,SUCURSAL SUR,dif,cancelled
831,ECO-ML-000305,1,2025-11-25T14:55:00.000Z,2025-11-25T16:55:00.000Z,48.0000000000000000,8.91666666666666666667,2,6,6,6,0,2513.00,5.00,125.65,2387.35,SUCURSAL SUR,dif,cancelled
728,ECO-ML-000202,1,2025-11-26T15:02:00.000Z,2025-11-27T23:22:00.000Z,20.0000000000000000,9.03333333333333333333,3,5,5,5,0,2492.00,10.00,249.20,2242.80,SUCURSAL SUR,dif,delayed
968,ECO-ML-000442,1,2025-11-26T15:02:00.000Z,2025-11-29T16:02:00.000Z,60.0000000000000000,9.03333333333333333333,3,5,5,5,0,2785.50,10.00,278.55,2506.95,SUCURSAL NORTE,dif,delayed
625,ECO-ML-000099,1,2025-11-27T16:09:00.000Z,2025-11-29T22:36:00.000Z,57.0000000000000000,10.15000000000000000000,4,4,4,4,0,2781.50,15.00,417.23,2364.27,SUCURSAL NORTE,dif,completed_on_time
865,ECO-ML-000339,1,2025-11-27T16:09:00.000Z,2025-11-29T05:35:00.000Z,32.0000000000000000,10.15000000000000000000,4,4,4,4,0,2215.50,15.00,332.33,1883.17,SUCURSAL CENTRO,dif,delayed
762,ECO-ML-000236,1,2025-11-28T17:16:00.000Z,2025-12-01T10:49:00.000Z,69.0000000000000000,11.26666666666666666667,5,3,3,3,0,1860.00,0.00,0.00,1860.00,Matriz - Centro,dif,completed_on_time
1002,ECO-ML-000476,1,2025-11-28T17:16:00.000Z,2025-11-30T08:48:00.000Z,44.0000000000000000,11.26666666666666666667,5,3,3,3,0,1496.00,0.00,0.00,1496.00,Matriz,dif,completed_on_time
659,ECO-ML-000133,1,2025-11-29T18:23:00.000Z,2025-12-01T06:22:00.000Z,41.0000000000000000,12.38333333333333333333,6,2,2,2,0,842.00,5.00,42.10,799.90,Matriz,dif,completed_on_time
899,ECO-ML-000373,1,2025-11-29T18:23:00.000Z,2025-11-30T06:02:00.000Z,16.0000000000000000,12.38333333333333333333,6,2,2,2,0,458.00,5.00,22.90,435.10,SUCURSAL SUR,dif,completed_on_time
556,ECO-ML-000030,1,2025-11-30T19:30:00.000Z,2025-12-01T16:55:00.000Z,13.0000000000000000,13.50000000000000000000,0,1,1,1,0,312.00,10.00,31.20,280.80,SUCURSAL SUR,dif,delayed
796,ECO-ML-000270,1,2025-11-30T19:30:00.000Z,2025-12-02T18:35:00.000Z,53.0000000000000000,13.50000000000000000000,0,1,1,1,0,736.00,10.00,73.60,662.40,SUCURSAL SUR,dif,completed_on_time
693,ECO-ML-000167,1,2025-12-01T20:37:00.000Z,2025-12-01T22:37:00.000Z,25.0000000000000000,14.61666666666666666667,1,6,6,6,0,3609.00,15.00,541.35,3067.65,SUCURSAL SUR,special,cancelled
933,ECO-ML-000407,1,2025-12-01T20:37:00.000Z,2025-12-01T22:37:00.000Z,65.0000000000000000,14.61666666666666666667,1,6,6,6,0,3962.00,15.00,594.30,3367.70,SUCURSAL NORTE,special,cancelled
590,ECO-ML-000064,1,2025-12-02T21:44:00.000Z,2025-12-05T12:22:00.000Z,62.0000000000000000,15.73333333333333333333,2,5,5,5,0,2154.00,0.00,0.00,2154.00,SUCURSAL NORTE,dif,completed_on_time
830,ECO-ML-000304,1,2025-12-02T21:44:00.000Z,2025-12-05T05:21:00.000Z,37.0000000000000000,15.73333333333333333333,2,5,5,5,0,2952.50,0.00,0.00,2952.50,SUCURSAL CENTRO,dif,delayed
727,ECO-ML-000201,1,2025-12-03T22:51:00.000Z,2025-12-04T07:35:00.000Z,9.0000000000000000,16.85000000000000000000,3,4,4,4,0,2474.00,5.00,123.70,2350.30,Matriz - Centro,dif,completed_on_time
967,ECO-ML-000441,1,2025-12-03T22:51:00.000Z,2025-12-05T22:34:00.000Z,49.0000000000000000,16.85000000000000000000,3,4,4,4,0,2684.00,5.00,134.20,2549.80,Matriz,dif,completed_on_time
624,ECO-ML-000098,1,2025-12-04T23:58:00.000Z,2025-12-06T20:08:00.000Z,46.0000000000000000,17.96666666666666666667,4,3,3,3,0,1656.00,10.00,165.60,1490.40,Matriz,dif,completed_on_time
864,ECO-ML-000338,1,2025-12-04T23:58:00.000Z,2025-12-06T02:48:00.000Z,21.0000000000000000,17.96666666666666666667,4,3,3,3,0,1388.00,10.00,138.80,1249.20,SUCURSAL SUR,dif,delayed
761,ECO-ML-000235,1,2025-12-06T00:05:00.000Z,2025-12-08T07:21:00.000Z,58.0000000000000000,18.08333333333333333333,5,2,2,2,0,1284.00,15.00,192.60,1091.40,SUCURSAL SUR,dif,completed_on_time
1001,ECO-ML-000475,1,2025-12-06T00:05:00.000Z,2025-12-07T07:01:00.000Z,33.0000000000000000,18.08333333333333333333,5,2,2,2,0,1039.00,15.00,155.85,883.15,SUCURSAL SUR,dif,completed_on_time
658,ECO-ML-000132,1,2025-12-06T13:12:00.000Z,2025-12-07T14:54:00.000Z,30.0000000000000000,7.20000000000000000000,6,1,1,1,0,648.00,0.00,0.00,648.00,SUCURSAL SUR,special,completed_on_time
898,ECO-ML-000372,1,2025-12-06T13:12:00.000Z,2025-12-09T07:34:00.000Z,70.0000000000000000,7.20000000000000000000,6,1,1,1,0,75.00,0.00,0.00,75.00,SUCURSAL NORTE,special,completed_on_time
555,ECO-ML-000029,1,2025-12-07T14:19:00.000Z,2025-12-10T18:08:00.000Z,67.0000000000000000,8.31666666666666666667,0,6,6,6,0,3058.00,5.00,152.90,2905.10,SUCURSAL NORTE,hospital,delayed
795,ECO-ML-000269,1,2025-12-07T14:19:00.000Z,2025-12-09T16:07:00.000Z,42.0000000000000000,8.31666666666666666667,0,6,6,6,0,3719.00,5.00,185.95,3533.05,SUCURSAL CENTRO,hospital,delayed
692,ECO-ML-000166,1,2025-12-08T15:26:00.000Z,2025-12-10T07:21:00.000Z,14.0000000000000000,9.43333333333333333333,1,5,5,5,0,2589.00,10.00,258.90,2330.10,Matriz - Centro,dif,delayed
932,ECO-ML-000406,1,2025-12-08T15:26:00.000Z,2025-12-11T22:20:00.000Z,54.0000000000000000,9.43333333333333333333,1,5,5,5,0,3570.00,10.00,357.00,3213.00,Matriz,dif,delayed
589,ECO-ML-000063,1,2025-12-09T16:33:00.000Z,2025-12-11T12:54:00.000Z,51.0000000000000000,10.55000000000000000000,2,4,4,4,0,1431.50,15.00,214.73,1216.77,Matriz,dif,completed_on_time
829,ECO-ML-000303,1,2025-12-09T16:33:00.000Z,2025-12-10T10:53:00.000Z,26.0000000000000000,10.55000000000000000000,2,4,4,4,0,1592.00,15.00,238.80,1353.20,SUCURSAL SUR,dif,completed_on_time
726,ECO-ML-000200,1,2025-12-10T17:40:00.000Z,2025-12-13T09:07:00.000Z,63.0000000000000000,11.66666666666666666667,3,3,3,3,0,1617.50,0.00,0.00,1617.50,SUCURSAL SUR,dif,completed_on_time
966,ECO-ML-000440,1,2025-12-10T17:40:00.000Z,2025-12-12T07:06:00.000Z,38.0000000000000000,11.66666666666666666667,3,3,3,3,0,2240.00,0.00,0.00,2240.00,SUCURSAL SUR,dif,completed_on_time
623,ECO-ML-000097,1,2025-12-11T18:47:00.000Z,2025-12-13T04:40:00.000Z,35.0000000000000000,12.78333333333333333333,4,2,2,2,0,1411.50,5.00,70.58,1340.92,SUCURSAL SUR,hospital,completed_on_time
863,ECO-ML-000337,1,2025-12-11T18:47:00.000Z,2025-12-12T09:20:00.000Z,10.0000000000000000,12.78333333333333333333,4,2,2,2,0,1154.00,5.00,57.70,1096.30,SUCURSAL NORTE,hospital,delayed
760,ECO-ML-000234,1,2025-12-12T19:54:00.000Z,2025-12-14T16:53:00.000Z,47.0000000000000000,13.90000000000000000000,5,1,1,1,0,736.00,10.00,73.60,662.40,SUCURSAL CENTRO,hospital,completed_on_time
1000,ECO-ML-000474,1,2025-12-12T19:54:00.000Z,2025-12-13T16:33:00.000Z,22.0000000000000000,13.90000000000000000000,5,1,1,1,0,736.00,10.00,73.60,662.40,Matriz - Centro,hospital,completed_on_time
657,ECO-ML-000131,1,2025-12-13T20:01:00.000Z,2025-12-13T22:01:00.000Z,19.0000000000000000,14.01666666666666666667,6,6,6,6,0,4251.00,15.00,637.65,3613.35,Matriz - Centro,other,cancelled
897,ECO-ML-000371,1,2025-12-13T20:01:00.000Z,2025-12-16T04:06:00.000Z,59.0000000000000000,14.01666666666666666667,6,6,6,6,0,2451.50,15.00,367.73,2083.77,Matriz,other,completed_on_time
554,ECO-ML-000028,1,2025-12-14T21:08:00.000Z,2025-12-17T12:40:00.000Z,56.0000000000000000,15.13333333333333333333,0,5,5,5,0,3020.50,0.00,0.00,3020.50,Matriz,dif,delayed
794,ECO-ML-000268,1,2025-12-14T21:08:00.000Z,2025-12-16T10:39:00.000Z,31.0000000000000000,15.13333333333333333333,0,5,5,5,0,3115.50,0.00,0.00,3115.50,SUCURSAL SUR,dif,delayed
691,ECO-ML-000165,1,2025-12-15T22:15:00.000Z,2025-12-18T13:53:00.000Z,68.0000000000000000,16.25000000000000000000,1,4,4,4,0,2291.00,5.00,114.55,2176.45,SUCURSAL SUR,dif,completed_on_time
931,ECO-ML-000405,1,2025-12-15T22:15:00.000Z,2025-12-18T16:52:00.000Z,43.0000000000000000,16.25000000000000000000,1,4,4,4,0,1819.00,5.00,90.95,1728.05,SUCURSAL SUR,dif,delayed
588,ECO-ML-000062,1,2025-12-16T23:22:00.000Z,2025-12-18T09:26:00.000Z,40.0000000000000000,17.36666666666666666667,2,3,3,3,0,1605.00,10.00,160.50,1444.50,SUCURSAL SUR,hospital,completed_on_time
828,ECO-ML-000302,1,2025-12-16T23:22:00.000Z,2025-12-17T09:06:00.000Z,15.0000000000000000,17.36666666666666666667,2,3,3,3,0,2340.00,10.00,234.00,2106.00,SUCURSAL NORTE,hospital,completed_on_time
725,ECO-ML-000199,1,2025-12-18T00:29:00.000Z,2025-12-19T21:39:00.000Z,52.0000000000000000,18.48333333333333333333,3,2,2,2,0,1652.50,15.00,247.88,1404.62,SUCURSAL CENTRO,hospital,completed_on_time
965,ECO-ML-000439,1,2025-12-18T00:29:00.000Z,2025-12-18T21:19:00.000Z,27.0000000000000000,18.48333333333333333333,3,2,2,2,0,1320.50,15.00,198.08,1122.42,Matriz - Centro,hospital,completed_on_time
622,ECO-ML-000096,1,2025-12-18T13:36:00.000Z,2025-12-19T13:12:00.000Z,24.0000000000000000,7.60000000000000000000,4,1,1,1,0,900.00,0.00,0.00,900.00,Matriz - Centro,other,completed_on_time
862,ECO-ML-000336,1,2025-12-18T13:36:00.000Z,2025-12-21T05:52:00.000Z,64.0000000000000000,7.60000000000000000000,4,1,1,1,0,816.00,0.00,0.00,816.00,Matriz,other,completed_on_time
759,ECO-ML-000233,1,2025-12-19T14:43:00.000Z,2025-12-19T16:43:00.000Z,36.0000000000000000,8.71666666666666666667,5,6,6,6,0,4246.50,5.00,212.33,4034.17,SUCURSAL SUR,normal,cancelled
999,ECO-ML-000473,1,2025-12-19T14:43:00.000Z,2025-12-19T16:43:00.000Z,11.0000000000000000,8.71666666666666666667,5,6,6,6,0,3787.00,5.00,189.35,3597.65,SUCURSAL SUR,normal,cancelled
656,ECO-ML-000130,1,2025-12-20T15:50:00.000Z,2025-12-20T17:50:00.000Z,8.0000000000000000,9.83333333333333333333,6,5,5,5,0,2916.00,10.00,291.60,2624.40,SUCURSAL SUR,dif,cancelled
896,ECO-ML-000370,1,2025-12-20T15:50:00.000Z,2025-12-23T04:38:00.000Z,48.0000000000000000,9.83333333333333333333,6,5,5,5,0,2141.00,10.00,214.10,1926.90,SUCURSAL SUR,dif,delayed
553,ECO-ML-000027,1,2025-12-21T16:57:00.000Z,2025-12-23T20:12:00.000Z,45.0000000000000000,10.95000000000000000000,0,4,4,4,0,2414.00,15.00,362.10,2051.90,SUCURSAL SUR,hospital,delayed
793,ECO-ML-000267,1,2025-12-21T16:57:00.000Z,2025-12-22T19:52:00.000Z,20.0000000000000000,10.95000000000000000000,0,4,4,4,0,2826.00,15.00,423.90,2402.10,SUCURSAL NORTE,hospital,delayed
690,ECO-ML-000164,1,2025-12-22T17:04:00.000Z,2025-12-24T22:25:00.000Z,57.0000000000000000,11.06666666666666666667,1,3,3,3,0,1871.00,0.00,0.00,1871.00,SUCURSAL CENTRO,hospital,completed_on_time
930,ECO-ML-000404,1,2025-12-22T17:04:00.000Z,2025-12-23T20:24:00.000Z,32.0000000000000000,11.06666666666666666667,1,3,3,3,0,1469.00,0.00,0.00,1469.00,Matriz - Centro,hospital,completed_on_time
587,ECO-ML-000061,1,2025-12-23T18:11:00.000Z,2025-12-24T17:58:00.000Z,29.0000000000000000,12.18333333333333333333,2,2,2,2,0,468.00,5.00,23.40,444.60,Matriz - Centro,normal,completed_on_time
827,ECO-ML-000301,1,2025-12-23T18:11:00.000Z,2025-12-26T10:38:00.000Z,69.0000000000000000,12.18333333333333333333,2,2,2,2,0,1658.00,5.00,82.90,1575.10,Matriz,normal,completed_on_time
724,ECO-ML-000198,1,2025-12-24T19:18:00.000Z,2025-12-26T06:11:00.000Z,41.0000000000000000,13.30000000000000000000,3,1,1,1,0,920.00,10.00,92.00,828.00,SUCURSAL SUR,normal,completed_on_time
964,ECO-ML-000438,1,2025-12-24T19:18:00.000Z,2025-12-25T05:51:00.000Z,16.0000000000000000,13.30000000000000000000,3,1,1,1,0,790.00,10.00,79.00,711.00,SUCURSAL SUR,normal,completed_on_time
621,ECO-ML-000095,1,2025-12-25T20:25:00.000Z,2025-12-25T22:25:00.000Z,13.0000000000000000,14.41666666666666666667,4,6,6,6,0,3422.50,15.00,513.38,2909.12,SUCURSAL SUR,dif,cancelled
861,ECO-ML-000335,1,2025-12-25T20:25:00.000Z,2025-12-25T22:25:00.000Z,53.0000000000000000,14.41666666666666666667,4,6,6,6,0,3538.00,15.00,530.70,3007.30,SUCURSAL SUR,dif,cancelled
758,ECO-ML-000232,1,2025-12-26T21:32:00.000Z,2025-12-26T23:32:00.000Z,25.0000000000000000,15.53333333333333333333,5,5,5,5,0,2769.00,0.00,0.00,2769.00,SUCURSAL NORTE,dif,cancelled
998,ECO-ML-000472,1,2025-12-26T21:32:00.000Z,2025-12-29T14:37:00.000Z,65.0000000000000000,15.53333333333333333333,5,5,5,5,0,3052.00,0.00,0.00,3052.00,SUCURSAL CENTRO,dif,completed_on_time
655,ECO-ML-000129,1,2025-12-27T22:39:00.000Z,2025-12-30T12:11:00.000Z,62.0000000000000000,16.65000000000000000000,6,4,4,4,0,3107.00,5.00,155.35,2951.65,SUCURSAL CENTRO,dif,completed_on_time
895,ECO-ML-000369,1,2025-12-27T22:39:00.000Z,2025-12-29T10:10:00.000Z,37.0000000000000000,16.65000000000000000000,6,4,4,4,0,1547.00,5.00,77.35,1469.65,Matriz - Centro,dif,completed_on_time
552,ECO-ML-000026,1,2025-12-28T23:46:00.000Z,2025-12-30T14:44:00.000Z,34.0000000000000000,17.76666666666666666667,0,3,3,3,0,1604.00,10.00,160.40,1443.60,Matriz - Centro,dif,delayed
792,ECO-ML-000266,1,2025-12-28T23:46:00.000Z,2025-12-29T14:24:00.000Z,9.0000000000000000,17.76666666666666666667,0,3,3,3,0,1420.00,10.00,142.00,1278.00,Matriz,dif,delayed
689,ECO-ML-000163,1,2025-12-30T00:53:00.000Z,2025-12-31T19:57:00.000Z,46.0000000000000000,18.88333333333333333333,1,2,2,2,0,1160.00,15.00,174.00,986.00,SUCURSAL SUR,dif,completed_on_time
929,ECO-ML-000403,1,2025-12-30T00:53:00.000Z,2025-12-30T19:37:00.000Z,21.0000000000000000,18.88333333333333333333,1,2,2,2,0,1074.00,15.00,161.10,912.90,SUCURSAL SUR,dif,completed_on_time
586,ECO-ML-000060,1,2025-12-30T13:00:00.000Z,2025-12-31T02:30:00.000Z,18.0000000000000000,7.00000000000000000000,2,1,1,1,0,232.00,0.00,0.00,232.00,SUCURSAL SUR,dif,completed_on_time
826,ECO-ML-000300,1,2025-12-30T13:00:00.000Z,2026-01-01T19:10:00.000Z,58.0000000000000000,7.00000000000000000000,2,1,1,1,0,728.00,0.00,0.00,728.00,SUCURSAL SUR,dif,completed_on_time
723,ECO-ML-000197,1,2025-12-31T14:07:00.000Z,2026-01-02T03:43:00.000Z,30.0000000000000000,8.11666666666666666667,3,6,6,6,0,3456.50,5.00,172.83,3283.67,SUCURSAL NORTE,special,delayed
963,ECO-ML-000437,1,2025-12-31T14:07:00.000Z,2026-01-03T20:23:00.000Z,70.0000000000000000,8.11666666666666666667,3,6,6,6,0,3290.00,5.00,164.50,3125.50,SUCURSAL CENTRO,special,delayed
620,ECO-ML-000094,1,2026-01-01T15:14:00.000Z,2026-01-04T04:57:00.000Z,67.0000000000000000,9.23333333333333333333,4,5,5,5,0,3210.50,10.00,321.05,2889.45,SUCURSAL CENTRO,dif,completed_on_time
860,ECO-ML-000334,1,2026-01-01T15:14:00.000Z,2026-01-04T09:56:00.000Z,42.0000000000000000,9.23333333333333333333,4,5,5,5,0,3396.50,10.00,339.65,3056.85,Matriz - Centro,dif,delayed
757,ECO-ML-000231,1,2026-01-02T16:21:00.000Z,2026-01-02T18:21:00.000Z,14.0000000000000000,10.35000000000000000000,5,4,4,4,0,2209.00,15.00,331.35,1877.65,Matriz,dif,cancelled
997,ECO-ML-000471,1,2026-01-02T16:21:00.000Z,2026-01-04T15:09:00.000Z,54.0000000000000000,10.35000000000000000000,5,4,4,4,0,2425.00,15.00,363.75,2061.25,SUCURSAL SUR,dif,completed_on_time
654,ECO-ML-000128,1,2026-01-03T17:28:00.000Z,2026-01-05T20:43:00.000Z,51.0000000000000000,11.46666666666666666667,6,3,3,3,0,1597.00,0.00,0.00,1597.00,SUCURSAL SUR,dif,completed_on_time
894,ECO-ML-000368,1,2026-01-03T17:28:00.000Z,2026-01-04T20:23:00.000Z,26.0000000000000000,11.46666666666666666667,6,3,3,3,0,1550.00,0.00,0.00,1550.00,SUCURSAL SUR,dif,completed_on_time
551,ECO-ML-000025,1,2026-01-04T18:35:00.000Z,2026-01-05T16:16:00.000Z,23.0000000000000000,12.58333333333333333333,0,2,2,2,0,1093.00,5.00,54.65,1038.35,SUCURSAL SUR,dif,completed_on_time
791,ECO-ML-000265,1,2026-01-04T18:35:00.000Z,2026-01-07T08:56:00.000Z,63.0000000000000000,12.58333333333333333333,0,2,2,2,0,920.00,5.00,46.00,874.00,SUCURSAL SUR,dif,completed_on_time
688,ECO-ML-000162,1,2026-01-05T19:42:00.000Z,2026-01-07T04:29:00.000Z,35.0000000000000000,13.70000000000000000000,1,1,1,1,0,540.00,10.00,54.00,486.00,SUCURSAL NORTE,special,completed_on_time
928,ECO-ML-000402,1,2026-01-05T19:42:00.000Z,2026-01-06T04:09:00.000Z,10.0000000000000000,13.70000000000000000000,1,1,1,1,0,459.00,10.00,45.90,413.10,SUCURSAL CENTRO,special,completed_on_time
585,ECO-ML-000059,1,2026-01-06T20:49:00.000Z,2026-01-10T11:43:00.000Z,72.0000000000000000,14.81666666666666666667,2,6,6,6,0,3176.50,15.00,476.48,2700.02,SUCURSAL CENTRO,hospital,delayed
825,ECO-ML-000299,1,2026-01-06T20:49:00.000Z,2026-01-09T09:42:00.000Z,47.0000000000000000,14.81666666666666666667,2,6,6,6,0,3816.00,15.00,572.40,3243.60,Matriz - Centro,hospital,delayed
722,ECO-ML-000196,1,2026-01-07T21:56:00.000Z,2026-01-09T00:56:00.000Z,19.0000000000000000,15.93333333333333333333,3,5,5,5,0,3624.00,0.00,0.00,3624.00,Matriz,dif,delayed
962,ECO-ML-000436,1,2026-01-07T21:56:00.000Z,2026-01-10T15:55:00.000Z,59.0000000000000000,15.93333333333333333333,3,5,5,5,0,3257.50,0.00,0.00,3257.50,SUCURSAL SUR,dif,delayed
619,ECO-ML-000093,1,2026-01-08T22:03:00.000Z,2026-01-11T01:29:00.000Z,56.0000000000000000,16.05000000000000000000,4,4,4,4,0,1965.00,5.00,98.25,1866.75,SUCURSAL SUR,dif,completed_on_time
859,ECO-ML-000333,1,2026-01-08T22:03:00.000Z,2026-01-11T04:28:00.000Z,31.0000000000000000,16.05000000000000000000,4,4,4,4,0,2207.50,5.00,110.38,2097.12,SUCURSAL SUR,dif,delayed
756,ECO-ML-000230,1,2026-01-09T23:10:00.000Z,2026-01-12T13:42:00.000Z,68.0000000000000000,17.16666666666666666667,5,3,3,3,0,1863.50,10.00,186.35,1677.15,SUCURSAL SUR,dif,completed_on_time
996,ECO-ML-000470,1,2026-01-09T23:10:00.000Z,2026-01-11T11:41:00.000Z,43.0000000000000000,17.16666666666666666667,5,3,3,3,0,2376.50,10.00,237.65,2138.85,SUCURSAL NORTE,dif,completed_on_time
653,ECO-ML-000127,1,2026-01-11T00:17:00.000Z,2026-01-13T02:15:00.000Z,40.0000000000000000,18.28333333333333333333,6,2,2,2,0,782.50,15.00,117.38,665.12,SUCURSAL NORTE,hospital,delayed
893,ECO-ML-000367,1,2026-01-11T00:17:00.000Z,2026-01-11T08:55:00.000Z,15.0000000000000000,18.28333333333333333333,6,2,2,2,0,1159.50,15.00,173.93,985.57,SUCURSAL CENTRO,hospital,completed_on_time
550,ECO-ML-000024,1,2026-01-11T13:24:00.000Z,2026-01-12T00:48:00.000Z,12.0000000000000000,7.40000000000000000000,0,1,1,1,0,862.50,0.00,0.00,862.50,SUCURSAL CENTRO,hospital,completed_on_time
790,ECO-ML-000264,1,2026-01-11T13:24:00.000Z,2026-01-13T17:28:00.000Z,52.0000000000000000,7.40000000000000000000,0,1,1,1,0,713.00,0.00,0.00,713.00,Matriz - Centro,hospital,completed_on_time
687,ECO-ML-000161,1,2026-01-12T14:31:00.000Z,2026-01-12T16:31:00.000Z,24.0000000000000000,8.51666666666666666667,1,6,6,6,0,3952.00,5.00,197.60,3754.40,Matriz,other,cancelled
927,ECO-ML-000401,1,2026-01-12T14:31:00.000Z,2026-01-15T05:41:00.000Z,64.0000000000000000,8.51666666666666666667,1,6,6,6,0,3426.00,5.00,171.30,3254.70,SUCURSAL SUR,other,completed_on_time
584,ECO-ML-000058,1,2026-01-13T15:38:00.000Z,2026-01-16T18:15:00.000Z,61.0000000000000000,9.63333333333333333333,2,5,5,5,0,2179.00,10.00,217.90,1961.10,SUCURSAL SUR,dif,delayed
824,ECO-ML-000298,1,2026-01-13T15:38:00.000Z,2026-01-15T16:14:00.000Z,36.0000000000000000,9.63333333333333333333,2,5,5,5,0,2737.50,10.00,273.75,2463.75,SUCURSAL SUR,dif,delayed
721,ECO-ML-000195,1,2026-01-14T16:45:00.000Z,2026-01-15T07:28:00.000Z,8.0000000000000000,10.75000000000000000000,3,4,4,4,0,2948.50,15.00,442.28,2506.22,SUCURSAL SUR,dif,delayed
961,ECO-ML-000435,1,2026-01-14T16:45:00.000Z,2026-01-16T22:27:00.000Z,48.0000000000000000,10.75000000000000000000,3,4,4,4,0,2370.50,15.00,355.58,2014.92,SUCURSAL NORTE,dif,delayed
618,ECO-ML-000092,1,2026-01-15T17:52:00.000Z,2026-01-17T11:01:00.000Z,45.0000000000000000,11.86666666666666666667,4,3,3,3,0,1814.50,0.00,0.00,1814.50,SUCURSAL NORTE,hospital,completed_on_time
858,ECO-ML-000332,1,2026-01-15T17:52:00.000Z,2026-01-17T13:41:00.000Z,20.0000000000000000,11.86666666666666666667,4,3,3,3,0,2135.50,0.00,0.00,2135.50,SUCURSAL CENTRO,hospital,delayed
755,ECO-ML-000229,1,2026-01-16T18:59:00.000Z,2026-01-18T23:14:00.000Z,57.0000000000000000,12.98333333333333333333,5,2,2,2,0,1567.00,5.00,78.35,1488.65,Matriz - Centro,hospital,completed_on_time
995,ECO-ML-000469,1,2026-01-16T18:59:00.000Z,2026-01-17T22:54:00.000Z,32.0000000000000000,12.98333333333333333333,5,2,2,2,0,1452.00,5.00,72.60,1379.40,Matriz,hospital,completed_on_time
652,ECO-ML-000126,1,2026-01-17T19:06:00.000Z,2026-01-18T17:47:00.000Z,29.0000000000000000,13.10000000000000000000,6,1,1,1,0,405.00,10.00,40.50,364.50,Matriz,other,completed_on_time
892,ECO-ML-000366,1,2026-01-17T19:06:00.000Z,2026-01-20T10:27:00.000Z,69.0000000000000000,13.10000000000000000000,6,1,1,1,0,468.00,10.00,46.80,421.20,SUCURSAL SUR,other,completed_on_time
549,ECO-ML-000023,1,2026-01-18T20:13:00.000Z,2026-01-21T08:01:00.000Z,66.0000000000000000,14.21666666666666666667,0,6,6,6,0,3953.50,15.00,593.03,3360.47,SUCURSAL SUR,normal,completed_on_time
789,ECO-ML-000263,1,2026-01-18T20:13:00.000Z,2026-01-18T22:13:00.000Z,41.0000000000000000,14.21666666666666666667,0,6,6,6,0,3464.50,15.00,519.68,2944.82,SUCURSAL SUR,normal,cancelled
686,ECO-ML-000160,1,2026-01-19T21:20:00.000Z,2026-01-19T23:20:00.000Z,13.0000000000000000,15.33333333333333333333,1,5,5,5,0,3343.00,0.00,0.00,3343.00,SUCURSAL SUR,dif,cancelled
926,ECO-ML-000400,1,2026-01-19T21:20:00.000Z,2026-01-22T02:13:00.000Z,53.0000000000000000,15.33333333333333333333,1,5,5,5,0,2797.00,0.00,0.00,2797.00,SUCURSAL NORTE,dif,completed_on_time
583,ECO-ML-000057,1,2026-01-20T22:27:00.000Z,2026-01-23T12:47:00.000Z,50.0000000000000000,16.45000000000000000000,2,4,4,4,0,2090.50,5.00,104.53,1985.97,SUCURSAL NORTE,hospital,delayed
823,ECO-ML-000297,1,2026-01-20T22:27:00.000Z,2026-01-21T23:27:00.000Z,25.0000000000000000,16.45000000000000000000,2,4,4,4,0,2703.50,5.00,135.18,2568.32,SUCURSAL CENTRO,hospital,completed_on_time
720,ECO-ML-000194,1,2026-01-21T23:34:00.000Z,2026-01-24T12:00:00.000Z,62.0000000000000000,17.56666666666666666667,3,3,3,3,0,1367.50,10.00,136.75,1230.75,Matriz - Centro,hospital,completed_on_time
960,ECO-ML-000434,1,2026-01-21T23:34:00.000Z,2026-01-23T09:59:00.000Z,37.0000000000000000,17.56666666666666666667,3,3,3,3,0,1368.00,10.00,136.80,1231.20,Matriz,hospital,completed_on_time
617,ECO-ML-000091,1,2026-01-23T00:41:00.000Z,2026-01-24T07:33:00.000Z,34.0000000000000000,18.68333333333333333333,4,2,2,2,0,1316.00,15.00,197.40,1118.60,Matriz,normal,completed_on_time
857,ECO-ML-000331,1,2026-01-23T00:41:00.000Z,2026-01-24T08:13:00.000Z,9.0000000000000000,18.68333333333333333333,4,2,2,2,0,1162.00,15.00,174.30,987.70,SUCURSAL SUR,normal,delayed
754,ECO-ML-000228,1,2026-01-23T13:48:00.000Z,2026-01-25T07:46:00.000Z,46.0000000000000000,7.80000000000000000000,5,1,1,1,0,880.00,0.00,0.00,880.00,SUCURSAL SUR,normal,completed_on_time
994,ECO-ML-000468,1,2026-01-23T13:48:00.000Z,2026-01-24T07:26:00.000Z,21.0000000000000000,7.80000000000000000000,5,1,1,1,0,720.00,0.00,0.00,720.00,SUCURSAL SUR,normal,completed_on_time
651,ECO-ML-000125,1,2026-01-24T14:55:00.000Z,2026-01-25T16:19:00.000Z,18.0000000000000000,8.91666666666666666667,6,6,6,6,0,2442.50,5.00,122.13,2320.37,SUCURSAL SUR,dif,delayed
891,ECO-ML-000365,1,2026-01-24T14:55:00.000Z,2026-01-27T08:59:00.000Z,58.0000000000000000,8.91666666666666666667,6,6,6,6,0,2771.00,5.00,138.55,2632.45,SUCURSAL NORTE,dif,delayed
548,ECO-ML-000022,1,2026-01-25T15:02:00.000Z,2026-01-27T16:33:00.000Z,55.0000000000000000,9.03333333333333333333,0,5,5,5,0,3699.50,10.00,369.95,3329.55,SUCURSAL NORTE,dif,completed_on_time
788,ECO-ML-000262,1,2026-01-25T15:02:00.000Z,2026-01-27T21:32:00.000Z,30.0000000000000000,9.03333333333333333333,0,5,5,5,0,3273.00,10.00,327.30,2945.70,SUCURSAL CENTRO,dif,delayed
685,ECO-ML-000159,1,2026-01-26T16:09:00.000Z,2026-01-29T04:46:00.000Z,67.0000000000000000,10.15000000000000000000,1,4,4,4,0,2820.00,15.00,423.00,2397.00,Matriz - Centro,dif,completed_on_time
925,ECO-ML-000399,1,2026-01-26T16:09:00.000Z,2026-01-28T02:45:00.000Z,42.0000000000000000,10.15000000000000000000,1,4,4,4,0,2419.50,15.00,362.93,2056.57,Matriz,dif,completed_on_time
582,ECO-ML-000056,1,2026-01-27T17:16:00.000Z,2026-01-29T08:19:00.000Z,39.0000000000000000,11.26666666666666666667,2,3,3,3,0,1986.00,0.00,0.00,1986.00,Matriz,dif,completed_on_time
822,ECO-ML-000296,1,2026-01-27T17:16:00.000Z,2026-01-28T07:59:00.000Z,14.0000000000000000,11.26666666666666666667,2,3,3,3,0,1876.00,0.00,0.00,1876.00,SUCURSAL SUR,dif,completed_on_time
719,ECO-ML-000193,1,2026-01-28T18:23:00.000Z,2026-01-30T20:32:00.000Z,51.0000000000000000,12.38333333333333333333,3,2,2,2,0,830.00,5.00,41.50,788.50,SUCURSAL SUR,dif,completed_on_time
959,ECO-ML-000433,1,2026-01-28T18:23:00.000Z,2026-01-30T01:12:00.000Z,26.0000000000000000,12.38333333333333333333,3,2,2,2,0,460.00,5.00,23.00,437.00,SUCURSAL SUR,dif,delayed
616,ECO-ML-000090,1,2026-01-29T19:30:00.000Z,2026-01-30T16:05:00.000Z,23.0000000000000000,13.50000000000000000000,4,1,1,1,0,512.00,10.00,51.20,460.80,SUCURSAL SUR,dif,completed_on_time
856,ECO-ML-000330,1,2026-01-29T19:30:00.000Z,2026-02-01T08:45:00.000Z,63.0000000000000000,13.50000000000000000000,4,1,1,1,0,336.00,10.00,33.60,302.40,SUCURSAL NORTE,dif,completed_on_time
753,ECO-ML-000227,1,2026-01-30T20:37:00.000Z,2026-02-01T21:18:00.000Z,35.0000000000000000,14.61666666666666666667,5,6,6,6,0,3646.50,15.00,546.98,3099.52,SUCURSAL CENTRO,special,delayed
993,ECO-ML-000467,1,2026-01-30T20:37:00.000Z,2026-01-30T22:37:00.000Z,10.0000000000000000,14.61666666666666666667,5,6,6,6,0,3667.00,15.00,550.05,3116.95,Matriz - Centro,special,cancelled
650,ECO-ML-000124,1,2026-01-31T21:44:00.000Z,2026-02-03T18:32:00.000Z,72.0000000000000000,15.73333333333333333333,6,5,5,5,0,2624.50,0.00,0.00,2624.50,Matriz - Centro,dif,completed_on_time
890,ECO-ML-000364,1,2026-01-31T21:44:00.000Z,2026-02-03T03:31:00.000Z,47.0000000000000000,15.73333333333333333333,6,5,5,5,0,3258.50,0.00,0.00,3258.50,Matriz,dif,delayed
547,ECO-ML-000021,1,2026-02-01T22:51:00.000Z,2026-02-03T14:05:00.000Z,44.0000000000000000,16.85000000000000000000,0,4,4,4,0,1668.00,5.00,83.40,1584.60,Matriz,dif,completed_on_time
787,ECO-ML-000261,1,2026-02-01T22:51:00.000Z,2026-02-03T18:45:00.000Z,19.0000000000000000,16.85000000000000000000,0,4,4,4,0,1929.00,5.00,96.45,1832.55,SUCURSAL SUR,dif,delayed
684,ECO-ML-000158,1,2026-02-02T23:58:00.000Z,2026-02-05T02:18:00.000Z,56.0000000000000000,17.96666666666666666667,1,3,3,3,0,1693.00,10.00,169.30,1523.70,SUCURSAL SUR,dif,completed_on_time
924,ECO-ML-000398,1,2026-02-02T23:58:00.000Z,2026-02-04T01:58:00.000Z,31.0000000000000000,17.96666666666666666667,1,3,3,3,0,2011.00,10.00,201.10,1809.90,SUCURSAL SUR,dif,completed_on_time
581,ECO-ML-000055,1,2026-02-04T00:05:00.000Z,2026-02-05T13:51:00.000Z,28.0000000000000000,18.08333333333333333333,2,2,2,2,0,1023.00,15.00,153.45,869.55,SUCURSAL SUR,dif,delayed
821,ECO-ML-000295,1,2026-02-04T00:05:00.000Z,2026-02-06T13:31:00.000Z,68.0000000000000000,18.08333333333333333333,2,2,2,2,0,950.00,15.00,142.50,807.50,SUCURSAL NORTE,dif,completed_on_time
718,ECO-ML-000192,1,2026-02-04T13:12:00.000Z,2026-02-06T05:04:00.000Z,40.0000000000000000,7.20000000000000000000,3,1,1,1,0,531.00,0.00,0.00,531.00,SUCURSAL CENTRO,special,completed_on_time
958,ECO-ML-000432,1,2026-02-04T13:12:00.000Z,2026-02-05T04:44:00.000Z,15.0000000000000000,7.20000000000000000000,3,1,1,1,0,774.00,0.00,0.00,774.00,Matriz - Centro,special,completed_on_time
615,ECO-ML-000089,1,2026-02-05T14:19:00.000Z,2026-02-05T16:19:00.000Z,12.0000000000000000,8.31666666666666666667,4,6,6,6,0,3824.50,5.00,191.23,3633.27,Matriz - Centro,hospital,cancelled
855,ECO-ML-000329,1,2026-02-05T14:19:00.000Z,2026-02-08T14:17:00.000Z,52.0000000000000000,8.31666666666666666667,4,6,6,6,0,3718.50,5.00,185.93,3532.57,Matriz,hospital,delayed
752,ECO-ML-000226,1,2026-02-06T15:26:00.000Z,2026-02-08T03:50:00.000Z,24.0000000000000000,9.43333333333333333333,5,5,5,5,0,3377.00,10.00,337.70,3039.30,SUCURSAL SUR,dif,delayed
992,ECO-ML-000466,1,2026-02-06T15:26:00.000Z,2026-02-09T05:30:00.000Z,64.0000000000000000,9.43333333333333333333,5,5,5,5,0,2780.50,10.00,278.05,2502.45,SUCURSAL SUR,dif,completed_on_time
649,ECO-ML-000123,1,2026-02-07T16:33:00.000Z,2026-02-10T03:04:00.000Z,61.0000000000000000,10.55000000000000000000,6,4,4,4,0,1909.00,15.00,286.35,1622.65,SUCURSAL SUR,dif,completed_on_time
889,ECO-ML-000363,1,2026-02-07T16:33:00.000Z,2026-02-09T10:03:00.000Z,36.0000000000000000,10.55000000000000000000,6,4,4,4,0,2279.50,15.00,341.93,1937.57,SUCURSAL SUR,dif,delayed
546,ECO-ML-000020,1,2026-02-08T17:40:00.000Z,2026-02-09T22:37:00.000Z,33.0000000000000000,11.66666666666666666667,0,3,3,3,0,1506.50,0.00,0.00,1506.50,SUCURSAL SUR,dif,completed_on_time
786,ECO-ML-000260,1,2026-02-08T17:40:00.000Z,2026-02-10T01:17:00.000Z,8.0000000000000000,11.66666666666666666667,0,3,3,3,0,1845.00,0.00,0.00,1845.00,SUCURSAL NORTE,dif,delayed
1026,ECO-ML-000500,1,2026-02-08T17:40:00.000Z,2026-02-10T13:16:00.000Z,48.0000000000000000,11.66666666666666666667,0,3,3,3,0,1535.00,0.00,0.00,1535.00,SUCURSAL CENTRO,dif,completed_on_time
683,ECO-ML-000157,1,2026-02-09T18:47:00.000Z,2026-02-11T10:50:00.000Z,45.0000000000000000,12.78333333333333333333,1,2,2,2,0,1149.00,5.00,57.45,1091.55,SUCURSAL CENTRO,hospital,completed_on_time
923,ECO-ML-000397,1,2026-02-09T18:47:00.000Z,2026-02-10T10:30:00.000Z,20.0000000000000000,12.78333333333333333333,1,2,2,2,0,1024.50,5.00,51.23,973.27,Matriz - Centro,hospital,completed_on_time
580,ECO-ML-000054,1,2026-02-10T19:54:00.000Z,2026-02-11T06:23:00.000Z,17.0000000000000000,13.90000000000000000000,2,1,1,1,0,598.00,10.00,59.80,538.20,Matriz - Centro,hospital,completed_on_time
820,ECO-ML-000294,1,2026-02-10T19:54:00.000Z,2026-02-12T23:03:00.000Z,57.0000000000000000,13.90000000000000000000,2,1,1,1,0,448.50,10.00,44.85,403.65,Matriz,hospital,completed_on_time
717,ECO-ML-000191,1,2026-02-11T20:01:00.000Z,2026-02-11T22:01:00.000Z,29.0000000000000000,14.01666666666666666667,3,6,6,6,0,3475.00,15.00,521.25,2953.75,SUCURSAL SUR,other,cancelled
957,ECO-ML-000431,1,2026-02-11T20:01:00.000Z,2026-02-15T19:16:00.000Z,69.0000000000000000,14.01666666666666666667,3,6,6,6,0,3220.50,15.00,483.08,2737.42,SUCURSAL SUR,other,delayed
614,ECO-ML-000088,1,2026-02-12T21:08:00.000Z,2026-02-15T15:50:00.000Z,66.0000000000000000,15.13333333333333333333,4,5,5,5,0,2988.50,0.00,0.00,2988.50,SUCURSAL SUR,dif,completed_on_time
854,ECO-ML-000328,1,2026-02-12T21:08:00.000Z,2026-02-14T13:49:00.000Z,41.0000000000000000,15.13333333333333333333,4,5,5,5,0,2691.50,0.00,0.00,2691.50,SUCURSAL SUR,dif,completed_on_time
751,ECO-ML-000225,1,2026-02-13T22:15:00.000Z,2026-02-15T00:03:00.000Z,13.0000000000000000,16.25000000000000000000,5,4,4,4,0,3113.50,5.00,155.68,2957.82,SUCURSAL NORTE,dif,delayed
991,ECO-ML-000465,1,2026-02-13T22:15:00.000Z,2026-02-16T02:02:00.000Z,53.0000000000000000,16.25000000000000000000,5,4,4,4,0,2745.50,5.00,137.28,2608.22,SUCURSAL CENTRO,dif,completed_on_time
648,ECO-ML-000122,1,2026-02-14T23:22:00.000Z,2026-02-16T23:36:00.000Z,50.0000000000000000,17.36666666666666666667,6,3,3,3,0,920.00,10.00,92.00,828.00,SUCURSAL CENTRO,hospital,completed_on_time
888,ECO-ML-000362,1,2026-02-14T23:22:00.000Z,2026-02-16T06:16:00.000Z,25.0000000000000000,17.36666666666666666667,6,3,3,3,0,2185.50,10.00,218.55,1966.95,Matriz - Centro,hospital,delayed
545,ECO-ML-000019,1,2026-02-16T00:29:00.000Z,2026-02-16T19:09:00.000Z,22.0000000000000000,18.48333333333333333333,0,2,2,2,0,1433.00,15.00,214.95,1218.05,Matriz - Centro,hospital,completed_on_time
785,ECO-ML-000259,1,2026-02-16T00:29:00.000Z,2026-02-18T11:49:00.000Z,62.0000000000000000,18.48333333333333333333,0,2,2,2,0,1897.50,15.00,284.63,1612.87,Matriz,hospital,completed_on_time
1025,ECO-ML-000499,1,2026-02-16T00:29:00.000Z,2026-02-17T11:29:00.000Z,37.0000000000000000,18.48333333333333333333,0,2,2,2,0,1697.00,15.00,254.55,1442.45,SUCURSAL SUR,hospital,completed_on_time
682,ECO-ML-000156,1,2026-02-16T13:36:00.000Z,2026-02-17T19:22:00.000Z,34.0000000000000000,7.60000000000000000000,1,1,1,1,0,900.00,0.00,0.00,900.00,SUCURSAL SUR,other,completed_on_time
922,ECO-ML-000396,1,2026-02-16T13:36:00.000Z,2026-02-16T19:02:00.000Z,9.0000000000000000,7.60000000000000000000,1,1,1,1,0,900.00,0.00,0.00,900.00,SUCURSAL SUR,other,completed_on_time
579,ECO-ML-000053,1,2026-02-17T14:43:00.000Z,2026-02-20T22:36:00.000Z,71.0000000000000000,8.71666666666666666667,2,6,6,6,0,3098.50,5.00,154.93,2943.57,SUCURSAL SUR,normal,delayed
819,ECO-ML-000293,1,2026-02-17T14:43:00.000Z,2026-02-19T20:35:00.000Z,46.0000000000000000,8.71666666666666666667,2,6,6,6,0,3093.50,5.00,154.68,2938.82,SUCURSAL SUR,normal,delayed
716,ECO-ML-000190,1,2026-02-18T15:50:00.000Z,2026-02-18T17:50:00.000Z,18.0000000000000000,9.83333333333333333333,3,5,5,5,0,2937.50,10.00,293.75,2643.75,SUCURSAL NORTE,dif,cancelled
956,ECO-ML-000430,1,2026-02-18T15:50:00.000Z,2026-02-22T02:48:00.000Z,58.0000000000000000,9.83333333333333333333,3,5,5,5,0,3315.00,10.00,331.50,2983.50,SUCURSAL CENTRO,dif,delayed
613,ECO-ML-000087,1,2026-02-19T16:57:00.000Z,2026-02-21T17:22:00.000Z,55.0000000000000000,10.95000000000000000000,4,4,4,4,0,2715.00,15.00,407.25,2307.75,SUCURSAL CENTRO,hospital,completed_on_time
853,ECO-ML-000327,1,2026-02-19T16:57:00.000Z,2026-02-20T15:21:00.000Z,30.0000000000000000,10.95000000000000000000,4,4,4,4,0,2196.50,15.00,329.48,1867.02,Matriz - Centro,hospital,completed_on_time
750,ECO-ML-000224,1,2026-02-20T17:04:00.000Z,2026-02-23T12:35:00.000Z,67.0000000000000000,11.06666666666666666667,5,3,3,3,0,1777.50,0.00,0.00,1777.50,Matriz,hospital,completed_on_time
990,ECO-ML-000464,1,2026-02-20T17:04:00.000Z,2026-02-22T10:34:00.000Z,42.0000000000000000,11.06666666666666666667,5,3,3,3,0,2361.50,0.00,0.00,2361.50,SUCURSAL SUR,hospital,completed_on_time
647,ECO-ML-000121,1,2026-02-21T18:11:00.000Z,2026-02-23T08:08:00.000Z,39.0000000000000000,12.18333333333333333333,6,2,2,2,0,1012.00,5.00,50.60,961.40,SUCURSAL SUR,normal,completed_on_time
887,ECO-ML-000361,1,2026-02-21T18:11:00.000Z,2026-02-22T12:48:00.000Z,14.0000000000000000,12.18333333333333333333,6,2,2,2,0,738.00,5.00,36.90,701.10,SUCURSAL SUR,normal,delayed
544,ECO-ML-000018,1,2026-02-22T19:18:00.000Z,2026-02-23T03:41:00.000Z,11.0000000000000000,13.30000000000000000000,0,1,1,1,0,510.00,10.00,51.00,459.00,SUCURSAL SUR,normal,completed_on_time
784,ECO-ML-000258,1,2026-02-22T19:18:00.000Z,2026-02-24T20:21:00.000Z,51.0000000000000000,13.30000000000000000000,0,1,1,1,0,510.00,10.00,51.00,459.00,SUCURSAL SUR,normal,completed_on_time
1024,ECO-ML-000498,1,2026-02-22T19:18:00.000Z,2026-02-23T20:01:00.000Z,26.0000000000000000,13.30000000000000000000,0,1,1,1,0,290.00,10.00,29.00,261.00,SUCURSAL NORTE,normal,completed_on_time
681,ECO-ML-000155,1,2026-02-23T20:25:00.000Z,2026-02-23T22:25:00.000Z,23.0000000000000000,14.41666666666666666667,1,6,6,6,0,3447.00,15.00,517.05,2929.95,SUCURSAL NORTE,dif,cancelled
921,ECO-ML-000395,1,2026-02-23T20:25:00.000Z,2026-02-26T08:34:00.000Z,63.0000000000000000,14.41666666666666666667,1,6,6,6,0,3959.00,15.00,593.85,3365.15,SUCURSAL CENTRO,dif,completed_on_time
578,ECO-ML-000052,1,2026-02-24T21:32:00.000Z,2026-02-27T17:08:00.000Z,60.0000000000000000,15.53333333333333333333,2,5,5,5,0,3585.50,0.00,0.00,3585.50,SUCURSAL CENTRO,dif,delayed
818,ECO-ML-000292,1,2026-02-24T21:32:00.000Z,2026-02-26T15:07:00.000Z,35.0000000000000000,15.53333333333333333333,2,5,5,5,0,2967.50,0.00,0.00,2967.50,Matriz - Centro,dif,delayed
715,ECO-ML-000189,1,2026-02-25T22:39:00.000Z,2026-02-28T18:21:00.000Z,72.0000000000000000,16.65000000000000000000,3,4,4,4,0,1928.00,5.00,96.40,1831.60,Matriz,dif,completed_on_time
955,ECO-ML-000429,1,2026-02-25T22:39:00.000Z,2026-02-27T16:20:00.000Z,47.0000000000000000,16.65000000000000000000,3,4,4,4,0,1968.50,5.00,98.43,1870.07,SUCURSAL SUR,dif,completed_on_time
612,ECO-ML-000086,1,2026-02-26T23:46:00.000Z,2026-02-28T13:54:00.000Z,44.0000000000000000,17.76666666666666666667,4,3,3,3,0,2384.00,10.00,238.40,2145.60,SUCURSAL SUR,dif,completed_on_time
852,ECO-ML-000326,1,2026-02-26T23:46:00.000Z,2026-02-27T13:34:00.000Z,19.0000000000000000,17.76666666666666666667,4,3,3,3,0,2054.00,10.00,205.40,1848.60,SUCURSAL SUR,dif,completed_on_time
749,ECO-ML-000223,1,2026-02-28T00:53:00.000Z,2026-03-02T02:07:00.000Z,56.0000000000000000,18.88333333333333333333,5,2,2,2,0,868.00,15.00,130.20,737.80,SUCURSAL SUR,dif,completed_on_time
989,ECO-ML-000463,1,2026-02-28T00:53:00.000Z,2026-03-01T18:47:00.000Z,31.0000000000000000,18.88333333333333333333,5,2,2,2,0,1288.00,15.00,193.20,1094.80,SUCURSAL NORTE,dif,delayed
646,ECO-ML-000120,1,2026-02-28T13:00:00.000Z,2026-03-01T16:40:00.000Z,28.0000000000000000,7.00000000000000000000,6,1,1,1,0,728.00,0.00,0.00,728.00,SUCURSAL NORTE,dif,completed_on_time
886,ECO-ML-000360,1,2026-02-28T13:00:00.000Z,2026-03-03T09:20:00.000Z,68.0000000000000000,7.00000000000000000000,6,1,1,1,0,648.00,0.00,0.00,648.00,SUCURSAL CENTRO,dif,completed_on_time
543,ECO-ML-000017,1,2026-03-01T14:07:00.000Z,2026-03-04T06:54:00.000Z,65.0000000000000000,8.11666666666666666667,0,6,6,6,0,3483.00,5.00,174.15,3308.85,SUCURSAL CENTRO,special,completed_on_time
783,ECO-ML-000257,1,2026-03-01T14:07:00.000Z,2026-03-01T16:07:00.000Z,40.0000000000000000,8.11666666666666666667,0,6,6,6,0,3592.00,5.00,179.60,3412.40,Matriz - Centro,special,cancelled
1023,ECO-ML-000497,1,2026-03-01T14:07:00.000Z,2026-03-03T01:33:00.000Z,15.0000000000000000,8.11666666666666666667,0,6,6,6,0,3629.00,5.00,181.45,3447.55,Matriz,special,delayed
680,ECO-ML-000154,1,2026-03-02T15:14:00.000Z,2026-03-02T17:14:00.000Z,12.0000000000000000,9.23333333333333333333,1,5,5,5,0,2932.00,10.00,293.20,2638.80,Matriz,dif,cancelled
920,ECO-ML-000394,1,2026-03-02T15:14:00.000Z,2026-03-05T08:06:00.000Z,52.0000000000000000,9.23333333333333333333,1,5,5,5,0,2696.00,10.00,269.60,2426.40,SUCURSAL SUR,dif,delayed
577,ECO-ML-000051,1,2026-03-03T16:21:00.000Z,2026-03-05T23:40:00.000Z,49.0000000000000000,10.35000000000000000000,2,4,4,4,0,1989.00,15.00,298.35,1690.65,SUCURSAL SUR,dif,delayed
817,ECO-ML-000291,1,2026-03-03T16:21:00.000Z,2026-03-04T23:20:00.000Z,24.0000000000000000,10.35000000000000000000,2,4,4,4,0,2460.00,15.00,369.00,2091.00,SUCURSAL SUR,dif,delayed
714,ECO-ML-000188,1,2026-03-04T17:28:00.000Z,2026-03-07T02:53:00.000Z,61.0000000000000000,11.46666666666666666667,3,3,3,3,0,1236.00,0.00,0.00,1236.00,SUCURSAL SUR,dif,completed_on_time
954,ECO-ML-000428,1,2026-03-04T17:28:00.000Z,2026-03-06T00:52:00.000Z,36.0000000000000000,11.46666666666666666667,3,3,3,3,0,1615.00,0.00,0.00,1615.00,SUCURSAL NORTE,dif,completed_on_time
611,ECO-ML-000085,1,2026-03-05T18:35:00.000Z,2026-03-06T22:26:00.000Z,33.0000000000000000,12.58333333333333333333,4,2,2,2,0,1027.00,5.00,51.35,975.65,SUCURSAL NORTE,dif,completed_on_time
851,ECO-ML-000325,1,2026-03-05T18:35:00.000Z,2026-03-05T22:06:00.000Z,8.0000000000000000,12.58333333333333333333,4,2,2,2,0,749.00,5.00,37.45,711.55,SUCURSAL CENTRO,dif,completed_on_time
748,ECO-ML-000222,1,2026-03-06T19:42:00.000Z,2026-03-08T10:39:00.000Z,45.0000000000000000,13.70000000000000000000,5,1,1,1,0,360.00,10.00,36.00,324.00,Matriz - Centro,special,completed_on_time
988,ECO-ML-000462,1,2026-03-06T19:42:00.000Z,2026-03-07T10:19:00.000Z,20.0000000000000000,13.70000000000000000000,5,1,1,1,0,828.00,10.00,82.80,745.20,Matriz,special,completed_on_time
645,ECO-ML-000119,1,2026-03-07T20:49:00.000Z,2026-03-07T22:49:00.000Z,17.0000000000000000,14.81666666666666666667,6,6,6,6,0,3386.50,15.00,507.98,2878.52,Matriz,hospital,cancelled
885,ECO-ML-000359,1,2026-03-07T20:49:00.000Z,2026-03-07T22:49:00.000Z,57.0000000000000000,14.81666666666666666667,6,6,6,6,0,3946.00,15.00,591.90,3354.10,SUCURSAL SUR,hospital,cancelled
542,ECO-ML-000016,1,2026-03-08T21:56:00.000Z,2026-03-11T04:26:00.000Z,54.0000000000000000,15.93333333333333333333,0,5,5,5,0,2817.50,0.00,0.00,2817.50,SUCURSAL SUR,dif,completed_on_time
782,ECO-ML-000256,1,2026-03-08T21:56:00.000Z,2026-03-08T23:56:00.000Z,29.0000000000000000,15.93333333333333333333,0,5,5,5,0,3137.50,0.00,0.00,3137.50,SUCURSAL SUR,dif,cancelled
1022,ECO-ML-000496,1,2026-03-08T21:56:00.000Z,2026-03-11T19:05:00.000Z,69.0000000000000000,15.93333333333333333333,0,5,5,5,0,3465.00,0.00,0.00,3465.00,SUCURSAL SUR,dif,completed_on_time
679,ECO-ML-000153,1,2026-03-09T22:03:00.000Z,2026-03-13T04:39:00.000Z,66.0000000000000000,16.05000000000000000000,1,4,4,4,0,2959.00,5.00,147.95,2811.05,SUCURSAL SUR,dif,delayed
919,ECO-ML-000393,1,2026-03-09T22:03:00.000Z,2026-03-12T02:38:00.000Z,41.0000000000000000,16.05000000000000000000,1,4,4,4,0,2502.00,5.00,125.10,2376.90,SUCURSAL NORTE,dif,delayed
576,ECO-ML-000050,1,2026-03-10T23:10:00.000Z,2026-03-12T11:12:00.000Z,38.0000000000000000,17.16666666666666666667,2,3,3,3,0,1407.00,10.00,140.70,1266.30,SUCURSAL NORTE,dif,completed_on_time
816,ECO-ML-000290,1,2026-03-10T23:10:00.000Z,2026-03-11T17:52:00.000Z,13.0000000000000000,17.16666666666666666667,2,3,3,3,0,1775.00,10.00,177.50,1597.50,SUCURSAL CENTRO,dif,delayed
713,ECO-ML-000187,1,2026-03-12T00:17:00.000Z,2026-03-13T23:25:00.000Z,50.0000000000000000,18.28333333333333333333,3,2,2,2,0,1409.00,15.00,211.35,1197.65,Matriz - Centro,hospital,completed_on_time
953,ECO-ML-000427,1,2026-03-12T00:17:00.000Z,2026-03-12T23:05:00.000Z,25.0000000000000000,18.28333333333333333333,3,2,2,2,0,1504.00,15.00,225.60,1278.40,Matriz,hospital,completed_on_time
3,ECO-REAL-000003,0,2026-03-12T09:19:23.738Z,2026-04-23T04:24:18.345Z,24.0000000000000000,3.31666666666666666667,4,1,1,1,0,180.00,0.00,0.00,180.00,SUCURSAL CENTRO,normal,delayed
5,ECO-REAL-000005,0,2026-03-12T09:19:23.738Z,2026-04-23T04:24:21.601Z,24.0000000000000000,3.31666666666666666667,4,1,1,1,0,90.00,0.00,0.00,90.00,SUCURSAL NORTE,normal,delayed
7,ECO-REAL-000007,0,2026-03-12T09:19:23.738Z,2026-04-23T04:24:39.625Z,24.0000000000000000,3.31666666666666666667,4,1,1,1,0,120.00,0.00,0.00,120.00,SUCURSAL SUR,normal,delayed
10,ECO-REAL-000010,0,2026-03-12T09:19:23.738Z,2026-04-23T04:24:36.776Z,24.0000000000000000,3.31666666666666666667,4,1,1,1,0,90.00,0.00,0.00,90.00,SUCURSAL CENTRO,normal,delayed
12,ECO-REAL-000012,0,2026-03-12T09:19:23.738Z,2026-04-23T04:24:57.362Z,24.0000000000000000,3.31666666666666666667,4,1,1,1,0,150.00,0.00,0.00,150.00,SUCURSAL SUR,normal,delayed
13,ECO-REAL-000013,0,2026-03-12T09:19:23.738Z,2026-04-23T04:24:54.885Z,24.0000000000000000,3.31666666666666666667,4,1,1,1,0,110.00,0.00,0.00,110.00,SUCURSAL CENTRO,normal,delayed
15,ECO-REAL-000015,0,2026-03-12T09:19:23.738Z,2026-04-23T04:24:52.205Z,24.0000000000000000,3.31666666666666666667,4,1,1,1,0,100.00,0.00,0.00,100.00,SUCURSAL CENTRO,normal,delayed
18,ECO-REAL-000018,0,2026-03-12T09:19:23.738Z,2026-04-23T04:24:47.425Z,24.0000000000000000,3.31666666666666666667,4,1,1,1,0,180.00,0.00,0.00,180.00,SUCURSAL NORTE,normal,delayed
610,ECO-ML-000084,1,2026-03-12T13:24:00.000Z,2026-03-13T06:58:00.000Z,22.0000000000000000,7.40000000000000000000,4,1,1,1,0,770.50,0.00,0.00,770.50,Matriz,hospital,completed_on_time
850,ECO-ML-000324,1,2026-03-12T13:24:00.000Z,2026-03-14T23:38:00.000Z,62.0000000000000000,7.40000000000000000000,4,1,1,1,0,770.50,0.00,0.00,770.50,SUCURSAL SUR,hospital,completed_on_time
747,ECO-ML-000221,1,2026-03-13T14:31:00.000Z,2026-03-15T08:11:00.000Z,34.0000000000000000,8.51666666666666666667,5,6,6,6,0,3079.50,5.00,153.98,2925.52,SUCURSAL SUR,other,delayed
987,ECO-ML-000461,1,2026-03-13T14:31:00.000Z,2026-03-13T16:31:00.000Z,9.0000000000000000,8.51666666666666666667,5,6,6,6,0,3707.00,5.00,185.35,3521.65,SUCURSAL SUR,other,cancelled
644,ECO-ML-000118,1,2026-03-14T15:38:00.000Z,2026-03-17T09:25:00.000Z,71.0000000000000000,9.63333333333333333333,6,5,5,5,0,2608.00,10.00,260.80,2347.20,SUCURSAL SUR,dif,completed_on_time
884,ECO-ML-000358,1,2026-03-14T15:38:00.000Z,2026-03-14T17:38:00.000Z,46.0000000000000000,9.63333333333333333333,6,5,5,5,0,2583.00,10.00,258.30,2324.70,SUCURSAL NORTE,dif,cancelled
541,ECO-ML-000015,1,2026-03-15T16:45:00.000Z,2026-03-18T05:58:00.000Z,43.0000000000000000,10.75000000000000000000,0,4,4,4,0,2405.00,15.00,360.75,2044.25,SUCURSAL NORTE,dif,delayed
781,ECO-ML-000255,1,2026-03-15T16:45:00.000Z,2026-03-15T18:45:00.000Z,18.0000000000000000,10.75000000000000000000,0,4,4,4,0,1960.50,15.00,294.08,1666.42,SUCURSAL CENTRO,dif,cancelled
1021,ECO-ML-000495,1,2026-03-15T16:45:00.000Z,2026-03-17T19:37:00.000Z,58.0000000000000000,10.75000000000000000000,0,4,4,4,0,2081.00,15.00,312.15,1768.85,Matriz - Centro,dif,completed_on_time
678,ECO-ML-000152,1,2026-03-16T17:52:00.000Z,2026-03-19T01:11:00.000Z,55.0000000000000000,11.86666666666666666667,1,3,3,3,0,2132.50,0.00,0.00,2132.50,Matriz - Centro,hospital,completed_on_time
918,ECO-ML-000392,1,2026-03-16T17:52:00.000Z,2026-03-18T00:51:00.000Z,30.0000000000000000,11.86666666666666666667,1,3,3,3,0,1804.50,0.00,0.00,1804.50,Matriz,hospital,completed_on_time
575,ECO-ML-000049,1,2026-03-17T18:59:00.000Z,2026-03-18T20:44:00.000Z,27.0000000000000000,12.98333333333333333333,2,2,2,2,0,997.50,5.00,49.88,947.62,Matriz,hospital,completed_on_time
815,ECO-ML-000289,1,2026-03-17T18:59:00.000Z,2026-03-20T13:24:00.000Z,67.0000000000000000,12.98333333333333333333,2,2,2,2,0,1553.00,5.00,77.65,1475.35,SUCURSAL SUR,hospital,completed_on_time
712,ECO-ML-000186,1,2026-03-18T19:06:00.000Z,2026-03-20T07:57:00.000Z,39.0000000000000000,13.10000000000000000000,3,1,1,1,0,130.00,10.00,13.00,117.00,SUCURSAL SUR,other,completed_on_time
952,ECO-ML-000426,1,2026-03-18T19:06:00.000Z,2026-03-19T07:37:00.000Z,14.0000000000000000,13.10000000000000000000,3,1,1,1,0,780.00,10.00,78.00,702.00,SUCURSAL SUR,other,completed_on_time
609,ECO-ML-000083,1,2026-03-19T20:13:00.000Z,2026-03-19T22:13:00.000Z,11.0000000000000000,14.21666666666666666667,4,6,6,6,0,3861.50,15.00,579.23,3282.27,SUCURSAL SUR,normal,cancelled
849,ECO-ML-000323,1,2026-03-19T20:13:00.000Z,2026-03-22T13:10:00.000Z,51.0000000000000000,14.21666666666666666667,4,6,6,6,0,3973.50,15.00,596.03,3377.47,SUCURSAL NORTE,normal,delayed
746,ECO-ML-000220,1,2026-03-20T21:20:00.000Z,2026-03-22T02:43:00.000Z,23.0000000000000000,15.33333333333333333333,5,5,5,5,0,2902.00,0.00,0.00,2902.00,SUCURSAL CENTRO,dif,delayed
986,ECO-ML-000460,1,2026-03-20T21:20:00.000Z,2026-03-23T08:23:00.000Z,63.0000000000000000,15.33333333333333333333,5,5,5,5,0,3225.00,0.00,0.00,3225.00,Matriz - Centro,dif,completed_on_time
643,ECO-ML-000117,1,2026-03-21T22:27:00.000Z,2026-03-24T05:57:00.000Z,60.0000000000000000,16.45000000000000000000,6,4,4,4,0,2677.50,5.00,133.88,2543.62,Matriz - Centro,hospital,completed_on_time
883,ECO-ML-000357,1,2026-03-21T22:27:00.000Z,2026-03-24T08:56:00.000Z,35.0000000000000000,16.45000000000000000000,6,4,4,4,0,2413.00,5.00,120.65,2292.35,Matriz,hospital,delayed
540,ECO-ML-000014,1,2026-03-22T23:34:00.000Z,2026-03-24T01:30:00.000Z,32.0000000000000000,17.56666666666666666667,0,3,3,3,0,2428.50,10.00,242.85,2185.65,Matriz,hospital,completed_on_time
780,ECO-ML-000254,1,2026-03-22T23:34:00.000Z,2026-03-25T18:10:00.000Z,72.0000000000000000,17.56666666666666666667,0,3,3,3,0,2238.00,10.00,223.80,2014.20,SUCURSAL SUR,hospital,completed_on_time
1020,ECO-ML-000494,1,2026-03-22T23:34:00.000Z,2026-03-24T16:09:00.000Z,47.0000000000000000,17.56666666666666666667,0,3,3,3,0,2383.50,10.00,238.35,2145.15,SUCURSAL SUR,hospital,completed_on_time
677,ECO-ML-000151,1,2026-03-24T00:41:00.000Z,2026-03-25T13:43:00.000Z,44.0000000000000000,18.68333333333333333333,1,2,2,2,0,1700.00,15.00,255.00,1445.00,SUCURSAL SUR,normal,completed_on_time
917,ECO-ML-000391,1,2026-03-24T00:41:00.000Z,2026-03-25T06:23:00.000Z,19.0000000000000000,18.68333333333333333333,1,2,2,2,0,1458.00,15.00,218.70,1239.30,SUCURSAL SUR,normal,delayed
574,ECO-ML-000048,1,2026-03-24T13:48:00.000Z,2026-03-25T05:16:00.000Z,16.0000000000000000,7.80000000000000000000,2,1,1,1,0,880.00,0.00,0.00,880.00,SUCURSAL SUR,normal,completed_on_time
814,ECO-ML-000288,1,2026-03-24T13:48:00.000Z,2026-03-26T21:56:00.000Z,56.0000000000000000,7.80000000000000000000,2,1,1,1,0,750.00,0.00,0.00,750.00,SUCURSAL NORTE,normal,completed_on_time
711,ECO-ML-000185,1,2026-03-25T14:55:00.000Z,2026-03-25T16:55:00.000Z,28.0000000000000000,8.91666666666666666667,3,6,6,6,0,3473.00,5.00,173.65,3299.35,SUCURSAL CENTRO,dif,cancelled
951,ECO-ML-000425,1,2026-03-25T14:55:00.000Z,2026-03-28T10:09:00.000Z,68.0000000000000000,8.91666666666666666667,3,6,6,6,0,3635.50,5.00,181.78,3453.72,Matriz - Centro,dif,completed_on_time
608,ECO-ML-000082,1,2026-03-26T15:02:00.000Z,2026-03-29T06:43:00.000Z,65.0000000000000000,9.03333333333333333333,4,5,5,5,0,2594.50,10.00,259.45,2335.05,Matriz - Centro,dif,completed_on_time
848,ECO-ML-000322,1,2026-03-26T15:02:00.000Z,2026-03-28T04:42:00.000Z,40.0000000000000000,9.03333333333333333333,4,5,5,5,0,3012.00,10.00,301.20,2710.80,Matriz,dif,completed_on_time
745,ECO-ML-000219,1,2026-03-27T16:09:00.000Z,2026-03-28T10:56:00.000Z,12.0000000000000000,10.15000000000000000000,5,4,4,4,0,2476.00,15.00,371.40,2104.60,SUCURSAL SUR,dif,delayed
985,ECO-ML-000459,1,2026-03-27T16:09:00.000Z,2026-03-30T01:55:00.000Z,52.0000000000000000,10.15000000000000000000,5,4,4,4,0,2684.00,15.00,402.60,2281.40,SUCURSAL SUR,dif,delayed
642,ECO-ML-000116,1,2026-03-28T17:16:00.000Z,2026-03-30T14:29:00.000Z,49.0000000000000000,11.26666666666666666667,6,3,3,3,0,2054.00,0.00,0.00,2054.00,SUCURSAL SUR,dif,completed_on_time
882,ECO-ML-000356,1,2026-03-28T17:16:00.000Z,2026-03-30T17:09:00.000Z,24.0000000000000000,11.26666666666666666667,6,3,3,3,0,1638.00,0.00,0.00,1638.00,SUCURSAL SUR,dif,delayed
539,ECO-ML-000013,1,2026-03-29T18:23:00.000Z,2026-03-30T10:02:00.000Z,21.0000000000000000,12.38333333333333333333,0,2,2,2,0,992.00,5.00,49.60,942.40,SUCURSAL SUR,dif,completed_on_time
779,ECO-ML-000253,1,2026-03-29T18:23:00.000Z,2026-04-01T02:42:00.000Z,61.0000000000000000,12.38333333333333333333,0,2,2,2,0,884.00,5.00,44.20,839.80,SUCURSAL NORTE,dif,completed_on_time
1019,ECO-ML-000493,1,2026-03-29T18:23:00.000Z,2026-03-31T02:22:00.000Z,36.0000000000000000,12.38333333333333333333,0,2,2,2,0,1035.00,5.00,51.75,983.25,SUCURSAL CENTRO,dif,completed_on_time
676,ECO-ML-000150,1,2026-03-30T19:30:00.000Z,2026-03-31T22:15:00.000Z,33.0000000000000000,13.50000000000000000000,1,1,1,1,0,248.00,10.00,24.80,223.20,SUCURSAL CENTRO,dif,completed_on_time
916,ECO-ML-000390,1,2026-03-30T19:30:00.000Z,2026-03-30T21:55:00.000Z,8.0000000000000000,13.50000000000000000000,1,1,1,1,0,744.00,10.00,74.40,669.60,Matriz - Centro,dif,completed_on_time
573,ECO-ML-000047,1,2026-03-31T20:37:00.000Z,2026-04-03T12:29:00.000Z,70.0000000000000000,14.61666666666666666667,2,6,6,6,0,3381.50,15.00,507.23,2874.27,Matriz - Centro,special,completed_on_time
813,ECO-ML-000287,1,2026-03-31T20:37:00.000Z,2026-04-03T19:28:00.000Z,45.0000000000000000,14.61666666666666666667,2,6,6,6,0,3504.00,15.00,525.60,2978.40,Matriz,special,delayed
710,ECO-ML-000184,1,2026-04-01T21:44:00.000Z,2026-04-01T23:44:00.000Z,17.0000000000000000,15.73333333333333333333,3,5,5,5,0,2910.00,0.00,0.00,2910.00,SUCURSAL SUR,dif,cancelled
950,ECO-ML-000424,1,2026-04-01T21:44:00.000Z,2026-04-04T06:41:00.000Z,57.0000000000000000,15.73333333333333333333,3,5,5,5,0,2744.00,0.00,0.00,2744.00,SUCURSAL SUR,dif,completed_on_time
607,ECO-ML-000081,1,2026-04-02T22:51:00.000Z,2026-04-05T17:15:00.000Z,54.0000000000000000,16.85000000000000000000,4,4,4,4,0,2654.00,5.00,132.70,2521.30,SUCURSAL SUR,dif,delayed
847,ECO-ML-000321,1,2026-04-02T22:51:00.000Z,2026-04-04T15:14:00.000Z,29.0000000000000000,16.85000000000000000000,4,4,4,4,0,2872.00,5.00,143.60,2728.40,SUCURSAL SUR,dif,delayed
744,ECO-ML-000218,1,2026-04-03T23:58:00.000Z,2026-04-06T16:28:00.000Z,66.0000000000000000,17.96666666666666666667,5,3,3,3,0,1405.00,10.00,140.50,1264.50,SUCURSAL NORTE,dif,completed_on_time
984,ECO-ML-000458,1,2026-04-03T23:58:00.000Z,2026-04-05T14:27:00.000Z,41.0000000000000000,17.96666666666666666667,5,3,3,3,0,1273.00,10.00,127.30,1145.70,SUCURSAL CENTRO,dif,completed_on_time
641,ECO-ML-000115,1,2026-04-05T00:05:00.000Z,2026-04-06T11:01:00.000Z,38.0000000000000000,18.08333333333333333333,6,2,2,2,0,1260.00,15.00,189.00,1071.00,SUCURSAL CENTRO,dif,completed_on_time
881,ECO-ML-000355,1,2026-04-05T00:05:00.000Z,2026-04-06T11:41:00.000Z,13.0000000000000000,18.08333333333333333333,6,2,2,2,0,1097.00,15.00,164.55,932.45,Matriz - Centro,dif,delayed
538,ECO-ML-000012,1,2026-04-05T13:12:00.000Z,2026-04-05T18:34:00.000Z,10.0000000000000000,7.20000000000000000000,0,1,1,1,0,612.00,0.00,0.00,612.00,Matriz - Centro,special,completed_on_time
778,ECO-ML-000252,1,2026-04-05T13:12:00.000Z,2026-04-07T11:14:00.000Z,50.0000000000000000,7.20000000000000000000,0,1,1,1,0,576.00,0.00,0.00,576.00,Matriz,special,completed_on_time
1018,ECO-ML-000492,1,2026-04-05T13:12:00.000Z,2026-04-06T10:54:00.000Z,25.0000000000000000,7.20000000000000000000,0,1,1,1,0,765.00,0.00,0.00,765.00,SUCURSAL SUR,special,completed_on_time
675,ECO-ML-000149,1,2026-04-06T14:19:00.000Z,2026-04-07T19:47:00.000Z,22.0000000000000000,8.31666666666666666667,1,6,6,6,0,3196.00,5.00,159.80,3036.20,SUCURSAL SUR,hospital,delayed
915,ECO-ML-000389,1,2026-04-06T14:19:00.000Z,2026-04-09T12:27:00.000Z,62.0000000000000000,8.31666666666666666667,1,6,6,6,0,3497.00,5.00,174.85,3322.15,SUCURSAL SUR,hospital,delayed
23,ECO-REAL-000023,0,2026-04-07T06:30:36.569Z,2026-04-23T04:12:33.144Z,55.4898417530555556,0.50000000000000000000,2,1,1,1,0,85.00,0.00,0.00,85.00,Matriz - Centro,normal,delayed
572,ECO-ML-000046,1,2026-04-07T15:26:00.000Z,2026-04-09T21:01:00.000Z,59.0000000000000000,9.43333333333333333333,2,5,5,5,0,2825.50,10.00,282.55,2542.95,SUCURSAL SUR,dif,completed_on_time
812,ECO-ML-000286,1,2026-04-07T15:26:00.000Z,2026-04-10T02:00:00.000Z,34.0000000000000000,9.43333333333333333333,2,5,5,5,0,3179.50,10.00,317.95,2861.55,SUCURSAL SUR,dif,delayed
709,ECO-ML-000183,1,2026-04-08T16:33:00.000Z,2026-04-11T09:14:00.000Z,71.0000000000000000,10.55000000000000000000,3,4,4,4,0,2101.00,15.00,315.15,1785.85,SUCURSAL NORTE,dif,completed_on_time
949,ECO-ML-000423,1,2026-04-08T16:33:00.000Z,2026-04-10T07:13:00.000Z,46.0000000000000000,10.55000000000000000000,3,4,4,4,0,2225.50,15.00,333.83,1891.67,SUCURSAL CENTRO,dif,completed_on_time
606,ECO-ML-000080,1,2026-04-09T17:40:00.000Z,2026-04-11T12:47:00.000Z,43.0000000000000000,11.66666666666666666667,4,3,3,3,0,1883.50,0.00,0.00,1883.50,SUCURSAL CENTRO,dif,completed_on_time
846,ECO-ML-000320,1,2026-04-09T17:40:00.000Z,2026-04-10T12:27:00.000Z,18.0000000000000000,11.66666666666666666667,4,3,3,3,0,1484.50,0.00,0.00,1484.50,Matriz - Centro,dif,completed_on_time
743,ECO-ML-000217,1,2026-04-10T18:47:00.000Z,2026-04-13T01:00:00.000Z,55.0000000000000000,12.78333333333333333333,5,2,2,2,0,1357.50,5.00,67.88,1289.62,Matriz,hospital,completed_on_time
983,ECO-ML-000457,1,2026-04-10T18:47:00.000Z,2026-04-12T05:40:00.000Z,30.0000000000000000,12.78333333333333333333,5,2,2,2,0,1145.00,5.00,57.25,1087.75,SUCURSAL SUR,hospital,delayed
640,ECO-ML-000114,1,2026-04-11T19:54:00.000Z,2026-04-12T20:33:00.000Z,27.0000000000000000,13.90000000000000000000,6,1,1,1,0,885.50,10.00,88.55,796.95,SUCURSAL SUR,hospital,completed_on_time
880,ECO-ML-000354,1,2026-04-11T19:54:00.000Z,2026-04-14T13:13:00.000Z,67.0000000000000000,13.90000000000000000000,6,1,1,1,0,632.50,10.00,63.25,569.25,SUCURSAL SUR,hospital,completed_on_time
537,ECO-ML-000011,1,2026-04-12T20:01:00.000Z,2026-04-16T02:47:00.000Z,64.0000000000000000,14.01666666666666666667,0,6,6,6,0,4210.50,15.00,631.58,3578.92,SUCURSAL SUR,other,delayed
777,ECO-ML-000251,1,2026-04-12T20:01:00.000Z,2026-04-15T00:46:00.000Z,39.0000000000000000,14.01666666666666666667,0,6,6,6,0,3874.00,15.00,581.10,3292.90,SUCURSAL SUR,other,delayed
1017,ECO-ML-000491,1,2026-04-12T20:01:00.000Z,2026-04-12T22:01:00.000Z,14.0000000000000000,14.01666666666666666667,0,6,6,6,0,4388.00,15.00,658.20,3729.80,SUCURSAL NORTE,other,cancelled
674,ECO-ML-000148,1,2026-04-13T21:08:00.000Z,2026-04-14T16:00:00.000Z,11.0000000000000000,15.13333333333333333333,1,5,5,5,0,3467.50,0.00,0.00,3467.50,SUCURSAL NORTE,dif,delayed
914,ECO-ML-000388,1,2026-04-13T21:08:00.000Z,2026-04-15T19:59:00.000Z,51.0000000000000000,15.13333333333333333333,1,5,5,5,0,3714.00,0.00,0.00,3714.00,SUCURSAL CENTRO,dif,completed_on_time
571,ECO-ML-000045,1,2026-04-14T22:15:00.000Z,2026-04-16T17:33:00.000Z,48.0000000000000000,16.25000000000000000000,2,4,4,4,0,2336.50,5.00,116.83,2219.67,SUCURSAL CENTRO,dif,completed_on_time
811,ECO-ML-000285,1,2026-04-14T22:15:00.000Z,2026-04-16T22:13:00.000Z,23.0000000000000000,16.25000000000000000000,2,4,4,4,0,1912.50,5.00,95.63,1816.87,Matriz - Centro,dif,delayed
708,ECO-ML-000182,1,2026-04-15T23:22:00.000Z,2026-04-18T05:46:00.000Z,60.0000000000000000,17.36666666666666666667,3,3,3,3,0,1658.50,10.00,165.85,1492.65,Matriz,hospital,completed_on_time
948,ECO-ML-000422,1,2026-04-15T23:22:00.000Z,2026-04-17T03:45:00.000Z,35.0000000000000000,17.36666666666666666667,3,3,3,3,0,2068.00,10.00,206.80,1861.20,SUCURSAL SUR,hospital,completed_on_time
605,ECO-ML-000079,1,2026-04-17T00:29:00.000Z,2026-04-18T18:19:00.000Z,32.0000000000000000,18.48333333333333333333,4,2,2,2,0,1746.00,15.00,261.90,1484.10,SUCURSAL SUR,hospital,delayed
845,ECO-ML-000319,1,2026-04-17T00:29:00.000Z,2026-04-19T17:59:00.000Z,72.0000000000000000,18.48333333333333333333,4,2,2,2,0,1416.00,15.00,212.40,1203.60,SUCURSAL SUR,hospital,completed_on_time
742,ECO-ML-000216,1,2026-04-17T13:36:00.000Z,2026-04-19T09:32:00.000Z,44.0000000000000000,7.60000000000000000000,5,1,1,1,0,864.00,0.00,0.00,864.00,SUCURSAL SUR,other,completed_on_time
982,ECO-ML-000456,1,2026-04-17T13:36:00.000Z,2026-04-18T12:12:00.000Z,19.0000000000000000,7.60000000000000000000,5,1,1,1,0,780.00,0.00,0.00,780.00,SUCURSAL NORTE,other,delayed
639,ECO-ML-000113,1,2026-04-18T14:43:00.000Z,2026-04-18T16:43:00.000Z,16.0000000000000000,8.71666666666666666667,6,6,6,6,0,3967.00,5.00,198.35,3768.65,SUCURSAL NORTE,normal,cancelled
879,ECO-ML-000353,1,2026-04-18T14:43:00.000Z,2026-04-20T21:45:00.000Z,56.0000000000000000,8.71666666666666666667,6,6,6,6,0,3904.50,5.00,195.23,3709.27,SUCURSAL CENTRO,normal,completed_on_time
536,ECO-ML-000010,1,2026-04-19T15:50:00.000Z,2026-04-22T10:19:00.000Z,53.0000000000000000,9.83333333333333333333,0,5,5,5,0,2610.50,10.00,261.05,2349.45,SUCURSAL CENTRO,dif,delayed
776,ECO-ML-000250,1,2026-04-19T15:50:00.000Z,2026-04-20T17:18:00.000Z,28.0000000000000000,9.83333333333333333333,0,5,5,5,0,2770.00,10.00,277.00,2493.00,Matriz - Centro,dif,completed_on_time
1016,ECO-ML-000490,1,2026-04-19T15:50:00.000Z,2026-04-22T09:58:00.000Z,68.0000000000000000,9.83333333333333333333,0,5,5,5,0,1674.00,10.00,167.40,1506.60,Matriz,dif,completed_on_time
673,ECO-ML-000147,1,2026-04-20T16:57:00.000Z,2026-04-23T07:32:00.000Z,65.0000000000000000,10.95000000000000000000,1,4,4,4,0,2270.00,15.00,340.50,1929.50,Matriz,hospital,completed_on_time
913,ECO-ML-000387,1,2026-04-20T16:57:00.000Z,2026-04-22T14:31:00.000Z,40.0000000000000000,10.95000000000000000000,1,4,4,4,0,3136.00,15.00,470.40,2665.60,SUCURSAL SUR,hospital,delayed
570,ECO-ML-000044,1,2026-04-21T17:04:00.000Z,2026-04-23T02:05:00.000Z,37.0000000000000000,11.06666666666666666667,2,3,3,3,0,2058.00,0.00,0.00,2058.00,SUCURSAL SUR,hospital,completed_on_time
810,ECO-ML-000284,1,2026-04-21T17:04:00.000Z,2026-04-23T04:45:00.000Z,12.0000000000000000,11.06666666666666666667,2,3,3,3,0,1777.50,0.00,0.00,1777.50,SUCURSAL SUR,hospital,delayed
707,ECO-ML-000181,1,2026-04-22T18:11:00.000Z,2026-04-24T14:18:00.000Z,49.0000000000000000,12.18333333333333333333,3,2,2,2,0,1594.00,5.00,79.70,1514.30,SUCURSAL SUR,normal,completed_on_time
947,ECO-ML-000421,1,2026-04-22T18:11:00.000Z,2026-04-23T13:58:00.000Z,24.0000000000000000,12.18333333333333333333,3,2,2,2,0,1444.00,5.00,72.20,1371.80,SUCURSAL NORTE,normal,completed_on_time
24,ECO-REAL-000024,0,2026-04-23T04:23:51.300Z,2026-04-23T04:24:14.962Z,1.6166666666666667,22.38333333333333333333,3,2,2,2,0,261.00,0.00,0.00,261.00,Matriz,normal,completed_on_time
25,ECO-REAL-000025,0,2026-04-23T04:36:14.278Z,2026-04-23T04:37:41.943Z,1.00000000000000000000,22.60000000000000000000,3,2,2,2,2,200.00,0.00,0.00,200.00,Matriz,normal,completed_on_time
604,ECO-ML-000078,1,2026-04-23T19:18:00.000Z,2026-04-25T00:51:00.000Z,21.0000000000000000,13.30000000000000000000,4,1,1,1,0,920.00,10.00,92.00,828.00,SUCURSAL NORTE,normal,delayed
844,ECO-ML-000318,1,2026-04-23T19:18:00.000Z,2026-04-26T02:31:00.000Z,61.0000000000000000,13.30000000000000000000,4,1,1,1,0,790.00,10.00,79.00,711.00,SUCURSAL CENTRO,normal,completed_on_time
26,ECO-REAL-000026,0,2026-04-23T22:25:04.421Z,2026-07-21T07:40:02.601Z,1.00000000000000000000,16.41666666666666666667,4,3,3,3,3,432.00,0.00,0.00,432.00,Matriz,normal,completed_on_time
741,ECO-ML-000215,1,2026-04-24T20:25:00.000Z,2026-04-27T07:04:00.000Z,33.0000000000000000,14.41666666666666666667,5,6,6,6,0,3844.50,15.00,576.68,3267.82,Matriz - Centro,dif,delayed
981,ECO-ML-000455,1,2026-04-24T20:25:00.000Z,2026-04-24T22:25:00.000Z,8.0000000000000000,14.41666666666666666667,5,6,6,6,0,3243.00,15.00,486.45,2756.55,Matriz,dif,cancelled
638,ECO-ML-000112,1,2026-04-25T21:32:00.000Z,2026-04-28T20:18:00.000Z,70.0000000000000000,15.53333333333333333333,6,5,5,5,0,2912.50,0.00,0.00,2912.50,Matriz,dif,completed_on_time
878,ECO-ML-000352,1,2026-04-25T21:32:00.000Z,2026-04-27T18:17:00.000Z,45.0000000000000000,15.53333333333333333333,6,5,5,5,0,3396.00,0.00,0.00,3396.00,SUCURSAL SUR,dif,completed_on_time
535,ECO-ML-000009,1,2026-04-26T22:39:00.000Z,2026-04-29T04:51:00.000Z,42.0000000000000000,16.65000000000000000000,0,4,4,4,0,2495.00,5.00,124.75,2370.25,SUCURSAL SUR,dif,delayed
775,ECO-ML-000249,1,2026-04-26T22:39:00.000Z,2026-04-28T04:31:00.000Z,17.0000000000000000,16.65000000000000000000,0,4,4,4,0,2278.00,5.00,113.90,2164.10,SUCURSAL SUR,dif,delayed
1015,ECO-ML-000489,1,2026-04-26T22:39:00.000Z,2026-04-29T06:30:00.000Z,57.0000000000000000,16.65000000000000000000,0,4,4,4,0,1668.00,5.00,83.40,1584.60,SUCURSAL SUR,dif,completed_on_time
672,ECO-ML-000146,1,2026-04-27T23:46:00.000Z,2026-04-30T04:04:00.000Z,54.0000000000000000,17.76666666666666666667,1,3,3,3,0,1638.00,10.00,163.80,1474.20,SUCURSAL SUR,dif,completed_on_time
912,ECO-ML-000386,1,2026-04-27T23:46:00.000Z,2026-04-29T10:44:00.000Z,29.0000000000000000,17.76666666666666666667,1,3,3,3,0,1174.00,10.00,117.40,1056.60,SUCURSAL NORTE,dif,delayed
569,ECO-ML-000043,1,2026-04-29T00:53:00.000Z,2026-04-29T23:37:00.000Z,26.0000000000000000,18.88333333333333333333,2,2,2,2,0,1334.00,15.00,200.10,1133.90,SUCURSAL NORTE,dif,completed_on_time
809,ECO-ML-000283,1,2026-04-29T00:53:00.000Z,2026-05-01T16:17:00.000Z,66.0000000000000000,18.88333333333333333333,2,2,2,2,0,1094.00,15.00,164.10,929.90,SUCURSAL CENTRO,dif,completed_on_time
706,ECO-ML-000180,1,2026-04-29T13:00:00.000Z,2026-04-30T22:50:00.000Z,38.0000000000000000,7.00000000000000000000,3,1,1,1,0,176.00,0.00,0.00,176.00,Matriz - Centro,dif,completed_on_time
946,ECO-ML-000420,1,2026-04-29T13:00:00.000Z,2026-04-29T22:30:00.000Z,13.0000000000000000,7.00000000000000000000,3,1,1,1,0,704.00,0.00,0.00,704.00,Matriz,dif,completed_on_time
603,ECO-ML-000077,1,2026-04-30T14:07:00.000Z,2026-04-30T16:07:00.000Z,10.0000000000000000,8.11666666666666666667,4,6,6,6,0,3436.50,5.00,171.83,3264.67,Matriz,special,cancelled
843,ECO-ML-000317,1,2026-04-30T14:07:00.000Z,2026-05-03T00:03:00.000Z,50.0000000000000000,8.11666666666666666667,4,6,6,6,0,3002.50,5.00,150.13,2852.37,SUCURSAL SUR,special,delayed
740,ECO-ML-000214,1,2026-05-01T15:14:00.000Z,2026-05-01T17:14:00.000Z,22.0000000000000000,9.23333333333333333333,5,5,5,5,0,3704.00,10.00,370.40,3333.60,SUCURSAL SUR,dif,cancelled
980,ECO-ML-000454,1,2026-05-01T15:14:00.000Z,2026-05-03T23:16:00.000Z,62.0000000000000000,9.23333333333333333333,5,5,5,5,0,3290.50,10.00,329.05,2961.45,SUCURSAL SUR,dif,completed_on_time
637,ECO-ML-000111,1,2026-05-02T16:21:00.000Z,2026-05-04T20:50:00.000Z,59.0000000000000000,10.35000000000000000000,6,4,4,4,0,2427.00,15.00,364.05,2062.95,SUCURSAL SUR,dif,completed_on_time
877,ECO-ML-000351,1,2026-05-02T16:21:00.000Z,2026-05-03T18:49:00.000Z,34.0000000000000000,10.35000000000000000000,6,4,4,4,0,2496.00,15.00,374.40,2121.60,SUCURSAL NORTE,dif,completed_on_time
534,ECO-ML-000008,1,2026-05-03T17:28:00.000Z,2026-05-05T11:23:00.000Z,31.0000000000000000,11.46666666666666666667,0,3,3,3,0,1692.00,0.00,0.00,1692.00,SUCURSAL NORTE,dif,delayed
774,ECO-ML-000248,1,2026-05-03T17:28:00.000Z,2026-05-06T17:03:00.000Z,71.0000000000000000,11.46666666666666666667,0,3,3,3,0,1043.00,0.00,0.00,1043.00,SUCURSAL CENTRO,dif,completed_on_time
1014,ECO-ML-000488,1,2026-05-03T17:28:00.000Z,2026-05-05T15:02:00.000Z,46.0000000000000000,11.46666666666666666667,0,3,3,3,0,1613.00,0.00,0.00,1613.00,Matriz - Centro,dif,completed_on_time
671,ECO-ML-000145,1,2026-05-04T18:35:00.000Z,2026-05-06T12:36:00.000Z,43.0000000000000000,12.58333333333333333333,1,2,2,2,0,911.00,5.00,45.55,865.45,Matriz - Centro,dif,completed_on_time
911,ECO-ML-000385,1,2026-05-04T18:35:00.000Z,2026-05-05T12:16:00.000Z,18.0000000000000000,12.58333333333333333333,1,2,2,2,0,832.00,5.00,41.60,790.40,Matriz,dif,completed_on_time
568,ECO-ML-000042,1,2026-05-05T19:42:00.000Z,2026-05-06T08:09:00.000Z,15.0000000000000000,13.70000000000000000000,2,1,1,1,0,576.00,10.00,57.60,518.40,Matriz,special,completed_on_time
808,ECO-ML-000282,1,2026-05-05T19:42:00.000Z,2026-05-08T00:49:00.000Z,55.0000000000000000,13.70000000000000000000,2,1,1,1,0,576.00,10.00,57.60,518.40,SUCURSAL SUR,special,completed_on_time
705,ECO-ML-000179,1,2026-05-06T20:49:00.000Z,2026-05-06T22:49:00.000Z,27.0000000000000000,14.81666666666666666667,3,6,6,6,0,3870.00,15.00,580.50,3289.50,SUCURSAL SUR,hospital,cancelled
945,ECO-ML-000419,1,2026-05-06T20:49:00.000Z,2026-05-10T06:02:00.000Z,67.0000000000000000,14.81666666666666666667,3,6,6,6,0,3756.50,15.00,563.48,3193.02,SUCURSAL SUR,hospital,delayed
602,ECO-ML-000076,1,2026-05-07T21:56:00.000Z,2026-05-10T21:36:00.000Z,64.0000000000000000,15.93333333333333333333,4,5,5,5,0,3159.00,0.00,0.00,3159.00,SUCURSAL SUR,dif,delayed
842,ECO-ML-000316,1,2026-05-07T21:56:00.000Z,2026-05-09T19:35:00.000Z,39.0000000000000000,15.93333333333333333333,4,5,5,5,0,3512.00,0.00,0.00,3512.00,SUCURSAL NORTE,dif,delayed
739,ECO-ML-000213,1,2026-05-08T22:03:00.000Z,2026-05-10T09:49:00.000Z,11.0000000000000000,16.05000000000000000000,5,4,4,4,0,1606.00,5.00,80.30,1525.70,SUCURSAL CENTRO,dif,delayed
979,ECO-ML-000453,1,2026-05-08T22:03:00.000Z,2026-05-10T19:48:00.000Z,51.0000000000000000,16.05000000000000000000,5,4,4,4,0,1947.50,5.00,97.38,1850.12,Matriz - Centro,dif,completed_on_time
636,ECO-ML-000110,1,2026-05-09T23:10:00.000Z,2026-05-11T17:22:00.000Z,48.0000000000000000,17.16666666666666666667,6,3,3,3,0,2007.50,10.00,200.75,1806.75,Matriz - Centro,dif,completed_on_time
876,ECO-ML-000350,1,2026-05-09T23:10:00.000Z,2026-05-10T17:02:00.000Z,23.0000000000000000,17.16666666666666666667,6,3,3,3,0,1725.50,10.00,172.55,1552.95,Matriz,dif,completed_on_time
533,ECO-ML-000007,1,2026-05-11T00:17:00.000Z,2026-05-11T12:55:00.000Z,20.0000000000000000,18.28333333333333333333,0,2,2,2,0,1300.00,15.00,195.00,1105.00,Matriz,hospital,completed_on_time
773,ECO-ML-000247,1,2026-05-11T00:17:00.000Z,2026-05-13T05:35:00.000Z,60.0000000000000000,18.28333333333333333333,0,2,2,2,0,676.00,15.00,101.40,574.60,SUCURSAL SUR,hospital,completed_on_time
1013,ECO-ML-000487,1,2026-05-11T00:17:00.000Z,2026-05-12T05:15:00.000Z,35.0000000000000000,18.28333333333333333333,0,2,2,2,0,1072.50,15.00,160.88,911.62,SUCURSAL SUR,hospital,completed_on_time
670,ECO-ML-000144,1,2026-05-11T13:24:00.000Z,2026-05-12T21:08:00.000Z,32.0000000000000000,7.40000000000000000000,1,1,1,1,0,793.50,0.00,0.00,793.50,SUCURSAL SUR,hospital,completed_on_time
910,ECO-ML-000384,1,2026-05-11T13:24:00.000Z,2026-05-14T13:48:00.000Z,72.0000000000000000,7.40000000000000000000,1,1,1,1,0,678.50,0.00,0.00,678.50,SUCURSAL SUR,hospital,completed_on_time
