study_id,code,name,is_synthetic,cluster,distance_to_centroid,outlier_threshold,is_outlier
478,ECN-CAT-MIC-053,Evaluación de Exudado faríngeo,True,1,4.410048072451632,2.6636183566,True
886,ECN-CAT-MIC-104,Confirmación de Exudado nasal,True,2,4.4052621529632745,2.8080490982,True
710,ECN-CAT-MIC-082,Control de Hemocultivo,True,1,4.399772486257072,2.6636183566,True
62,ECN-CAT-MIC-001,Determinación de Urocultivo,True,2,4.130593973567884,2.8080490982,True
37,EXFAR01,Cultivo de exudado faríngeo,False,2,3.977762632076404,2.8080490982,True
254,ECN-CAT-MIC-025,Determinación de Candida albicans,True,2,3.9601174670937898,2.8080490982,True
838,ECN-CAT-MIC-098,Control de Salmonella,True,1,3.9195872408699435,2.6636183566,True
718,ECN-CAT-MIC-083,Control de Cultivo de esputo,True,1,3.8603643132318677,2.6636183566,True
238,ECN-CAT-MIC-023,Determinación de Salmonella,True,1,3.8602899701711446,2.6636183566,True
342,ECN-CAT-MIC-036,Cuantificación de Antibiograma,True,2,3.8236847281313766,2.8080490982,True
46,UROCUL,Urocultivo,False,2,3.8166872932071345,2.8080490982,True
294,ECN-CAT-MIC-030,Cuantificación de Exudado vaginal,True,1,3.7992987623824828,2.6636183566,True
526,ECN-CAT-MIC-059,Evaluación de Cultivo de heridas,True,1,3.7751315683973887,2.6636183566,True
462,ECN-CAT-MIC-051,Evaluación de Urocultivo,True,2,3.7621418246161777,2.8080490982,True
118,ECN-CAT-MIC-008,Determinación de Cultivo de esputo,True,1,3.7586726140513345,2.6636183566,True
534,ECN-CAT-MIC-060,Evaluación de Cultivo de secreciones,True,1,3.748955286354492,2.6636183566,True
702,ECN-CAT-MIC-081,Control de Exudado uretral,True,2,3.748570121114419,2.8080490982,True
942,ECN-CAT-MIC-111,Confirmación de Antibiograma,True,2,3.709002499953986,2.8080490982,True
646,ECN-CAT-MIC-074,Evaluación de Shigella,True,1,3.7065435692892774,2.6636183566,True
470,ECN-CAT-MIC-052,Evaluación de Coprocultivo,True,1,3.694378614350802,2.6636183566,True
654,ECN-CAT-MIC-075,Evaluación de Candida albicans,True,1,3.6328395067612456,2.6636183566,True
894,ECN-CAT-MIC-105,Confirmación de Exudado vaginal,True,1,3.629546853681778,2.6636183566,True
38,COVPCR01,Detección de SARS-CoV-2 por RT-PCR,False,2,3.584109387528391,2.8080490982,True
278,ECN-CAT-MIC-028,Cuantificación de Exudado faríngeo,True,2,3.5831404623569827,2.8080490982,True
286,ECN-CAT-MIC-029,Cuantificación de Exudado nasal,True,1,3.5528155350015314,2.6636183566,True
110,ECN-CAT-MIC-007,Determinación de Hemocultivo,True,1,3.5451018925208597,2.6636183566,True
542,ECN-CAT-MIC-061,Evaluación de Antibiograma,True,2,3.5424834677633577,2.8080490982,True
638,ECN-CAT-MIC-073,Evaluación de Salmonella,True,2,3.508965026579998,2.8080490982,True
302,ECN-CAT-MIC-031,Cuantificación de Exudado uretral,True,2,3.506933282922607,2.8080490982,True
454,ECN-CAT-MIC-050,Cuantificación de Candida albicans,True,2,3.5008083461857864,2.8080490982,True
170,ECN-CAT-MOL-014,Determinación de Bordetella pertussis,True,1,3.4772967284531004,2.6636183566,True
934,ECN-CAT-MIC-110,Confirmación de Cultivo de secreciones,True,2,3.4767928406244772,2.8080490982,True
1054,ECN-CAT-MIC-125,Confirmación de Candida albicans,True,2,3.4739026904176424,2.8080490982,True
870,ECN-CAT-MIC-102,Confirmación de Coprocultivo,True,2,3.471552741272338,2.8080490982,True
102,ECN-CAT-MIC-006,Determinación de Exudado uretral,True,2,3.4651704643353676,2.8080490982,True
902,ECN-CAT-MIC-106,Confirmación de Exudado uretral,True,2,3.459550714916623,2.8080490982,True
126,ECN-CAT-MIC-009,Determinación de Cultivo de heridas,True,2,3.447200526578704,2.8080490982,True
94,ECN-CAT-MIC-005,Determinación de Exudado vaginal,True,2,3.440732949263743,2.8080490982,True
246,ECN-CAT-MIC-024,Determinación de Shigella,True,2,3.41834230255839,2.8080490982,True
518,ECN-CAT-MIC-058,Evaluación de Cultivo de esputo,True,2,3.406833065365873,2.8080490982,True
726,ECN-CAT-MIC-084,Control de Cultivo de heridas,True,2,3.3956804898610105,2.8080490982,True
486,ECN-CAT-MIC-054,Evaluación de Exudado nasal,True,2,3.390654731355022,2.8080490982,True
1046,ECN-CAT-MIC-124,Confirmación de Shigella,True,2,3.3855949659715896,2.8080490982,True
270,ECN-CAT-MIC-027,Cuantificación de Coprocultivo,True,2,3.3813949355882653,2.8080490982,True
70,ECN-CAT-MIC-002,Determinación de Coprocultivo,True,2,3.3769648773885566,2.8080490982,True
878,ECN-CAT-MIC-103,Confirmación de Exudado faríngeo,True,2,3.3621947207720124,2.8080490982,True
686,ECN-CAT-MIC-079,Control de Exudado nasal,True,2,3.328893021664297,2.8080490982,True
510,ECN-CAT-MIC-057,Evaluación de Hemocultivo,True,2,3.3285569412113536,2.8080490982,True
318,ECN-CAT-MIC-033,Cuantificación de Cultivo de esputo,True,2,3.326626448745572,2.8080490982,True
334,ECN-CAT-MIC-035,Cuantificación de Cultivo de secreciones,True,2,3.3212735616420823,2.8080490982,True
446,ECN-CAT-MIC-049,Cuantificación de Shigella,True,2,3.3029054206515007,2.8080490982,True
918,ECN-CAT-MIC-108,Confirmación de Cultivo de esputo,True,2,3.2971282348953115,2.8080490982,True
78,ECN-CAT-MIC-003,Determinación de Exudado faríngeo,True,2,3.296622214193953,2.8080490982,True
134,ECN-CAT-MIC-010,Determinación de Cultivo de secreciones,True,2,3.288973312973609,2.8080490982,True
662,ECN-CAT-MIC-076,Control de Urocultivo,True,2,3.2845268391759452,2.8080490982,True
862,ECN-CAT-MIC-101,Confirmación de Urocultivo,True,2,3.2837823060832574,2.8080490982,True
694,ECN-CAT-MIC-080,Control de Exudado vaginal,True,2,3.2809866799673997,2.8080490982,True
310,ECN-CAT-MIC-032,Cuantificación de Hemocultivo,True,2,3.270816993176289,2.8080490982,True
846,ECN-CAT-MIC-099,Control de Shigella,True,2,3.2426005193498657,2.8080490982,True
142,ECN-CAT-MIC-011,Determinación de Antibiograma,True,2,3.2287641214447054,2.8080490982,True
670,ECN-CAT-MIC-077,Control de Coprocultivo,True,2,3.1851358728496297,2.8080490982,True
494,ECN-CAT-MIC-055,Evaluación de Exudado vaginal,True,2,3.1690311174983754,2.8080490982,True
326,ECN-CAT-MIC-034,Cuantificación de Cultivo de heridas,True,2,3.1504042504050913,2.8080490982,True
755,ECN-CAT-QC-088,Control de Albúmina,True,1,3.14721106112876,2.6636183566,True
854,ECN-CAT-MIC-100,Control de Candida albicans,True,2,3.1404506611110774,2.8080490982,True
910,ECN-CAT-MIC-107,Confirmación de Hemocultivo,True,2,3.13973197379531,2.8080490982,True
1038,ECN-CAT-MIC-123,Confirmación de Salmonella,True,2,3.134225983832303,2.8080490982,True
5,GLU01,GLUCOSA,False,1,3.1330257648897417,2.6636183566,True
14,AU01,ACIDO URICO,False,1,3.1330257648897417,2.6636183566,True
8,TRI01,TRIGLICERIDOS,False,1,3.1330257648897417,2.6636183566,True
502,ECN-CAT-MIC-056,Evaluación de Exudado uretral,True,2,3.128384386602592,2.8080490982,True
20,ALB01,ALBUMINA,False,1,3.127320923356436,2.6636183566,True
742,ECN-CAT-MIC-086,Control de Antibiograma,True,2,3.123277268753913,2.8080490982,True
262,ECN-CAT-MIC-026,Cuantificación de Urocultivo,True,2,3.107452668149742,2.8080490982,True
678,ECN-CAT-MIC-078,Control de Exudado faríngeo,True,2,3.1051425100723256,2.8080490982,True
734,ECN-CAT-MIC-085,Control de Cultivo de secreciones,True,2,3.0998892751776057,2.8080490982,True
274,ECN-CAT-MOL-027,Cuantificación de Virus de influenza A,True,2,3.086936218641996,2.8080490982,True
116,ECN-CAT-HEM-008,Determinación de Volumen corpuscular medio,True,2,3.086029156780364,2.8080490982,True
926,ECN-CAT-MIC-109,Confirmación de Cultivo de heridas,True,2,3.0769654748817827,2.8080490982,True
414,ECN-CAT-MIC-045,Cuantificación de Helicobacter pylori,True,1,3.0731322749640313,2.6636183566,True
30,VDRL01,VDRL,False,1,3.0640381846140743,2.6636183566,True
86,ECN-CAT-MIC-004,Determinación de Exudado nasal,True,2,3.0639178426691225,2.8080490982,True
738,ECN-CAT-MOL-085,Control de Virus herpes simple 2,True,2,3.06155308217988,2.8080490982,True
822,ECN-CAT-MIC-096,Control de Clostridioides difficile,True,1,3.0456062554951417,2.6636183566,True
438,ECN-CAT-MIC-048,Cuantificación de Salmonella,True,2,3.039677478143843,2.8080490982,True
2,BH01,BIOMETRIA HEMATICA,False,1,3.0301147913996402,2.6636183566,True
328,ECN-CAT-END-034,Cuantificación de Hormona de crecimiento,True,1,3.013792177826067,2.6636183566,True
812,ECN-CAT-HEM-095,Control de Índice plaquetario,True,2,3.007168302572324,2.8080490982,True
866,ECN-CAT-MOL-101,Confirmación de Detección molecular de SARS-CoV-2,True,2,2.9901770740757336,2.8080490982,True
829,ECN-CAT-INM-097,Control de Antígeno prostático libre,True,2,2.9675814809014,2.8080490982,True
79,ECN-CAT-COA-003,Determinación de Tiempo de trombina,True,2,2.9630882442759585,2.8080490982,True
1,GLU-001,GLUCOSA,False,1,2.9613430967866647,2.6636183566,True
217,ECN-CAT-URO-020,Determinación de Leucocitos en orina,True,1,2.944571444056981,2.6636183566,True
96,ECN-CAT-END-005,Determinación de Triyodotironina total,True,2,2.9429318076022914,2.8080490982,True
200,ECN-CAT-END-018,Determinación de Aldosterona,True,1,2.8554716898176484,2.6636183566,True
792,ECN-CAT-END-092,Control de Dehidroepiandrosterona,True,1,2.8405413326365494,2.6636183566,True
4,QS12,QUIMICA SANGUINEA 12 ELEMENTOS,False,1,2.83697199797565,2.6636183566,True
291,ECN-CAT-QC-030,Cuantificación de Colesterol total,True,1,2.82988189847278,2.6636183566,True
376,ECN-CAT-END-040,Cuantificación de Testosterona total,True,1,2.809600328218332,2.6636183566,True
136,ECN-CAT-END-010,Determinación de Prolactina,True,1,2.80852732772233,2.6636183566,True
890,ECN-CAT-MOL-104,Confirmación de Virus del papiloma humano,True,1,2.7779868031018915,2.6636183566,True
778,ECN-CAT-MOL-090,Control de Parvovirus B19,True,1,2.748746767973656,2.6636183566,True
954,ECN-CAT-MOL-112,Confirmación de Neisseria gonorrhoeae,True,1,2.7445942295436097,2.6636183566,True
770,ECN-CAT-MOL-089,Control de Bordetella pertussis,True,1,2.710762372871361,2.6636183566,True
714,ECN-CAT-MOL-082,Control de Virus de Epstein-Barr,True,1,2.710228637318683,2.6636183566,True
290,ECN-CAT-MOL-029,Cuantificación de Virus del papiloma humano,True,1,2.695802748157806,2.6636183566,True
1018,ECN-CAT-MOL-120,Confirmación de Panel gastrointestinal molecular,True,1,2.6777817753378192,2.6636183566,True
658,ECN-CAT-MOL-075,Evaluación de Carga viral cuantitativa,True,1,2.669509746721029,2.6636183566,True
